sequence_id	detector	detector_version	detector_label	bgc_candidate_id	nucl_start	nucl_end	nucl_length	num_proteins	num_domains	num_bio_domains	deepbgc_score	product_activity	antibacterial	cytotoxic	inhibitor	antifungal	product_class	Alkaloid	NRP	Other	Polyketide	RiPP	Saccharide	Terpene	protein_ids	bio_pfam_ids	pfam_ids
NC_008095.1	deepbgc	0.1.0	deepbgc	NC_008095.1_251453-252881.1	251453	252881	1428	1	1	0	0.50364	antibacterial	0.87	0.06	0.17	0.26	RiPP	0.00	0.01	0.02	0.04	0.89	0.02	0.04	NC_008095.1_NC_008095.1_205		PF00082
NC_008095.1	deepbgc	0.1.0	deepbgc	NC_008095.1_572016-576012.1	572016	576012	3996	4	25	2	0.52222		0.38	0.41	0.31	0.04		0.05	0.04	0.40	0.12	0.19	0.01	0.20	NC_008095.1_NC_008095.1_496;NC_008095.1_NC_008095.1_497;NC_008095.1_NC_008095.1_498;NC_008095.1_NC_008095.1_499	PF08241;PF08242	PF05401;PF13489;PF01135;PF00398;PF01269;PF02475;PF01189;PF01209;PF05891;PF01728;PF12847;PF05175;PF13847;PF13679;PF05219;PF13649;PF08241;PF08242;PF00930;PF01738;PF00326;PF12146;PF00756;PF10503;PF02129
NC_008095.1	deepbgc	0.1.0	deepbgc	NC_008095.1_779741-781094.1	779741	781094	1353	1	1	1	0.67981	antibacterial	0.94	0.00	0.04	0.01	Polyketide-Terpene	0.00	0.00	0.07	0.62	0.00	0.00	0.75	NC_008095.1_NC_008095.1_663	PF00067	PF00067
NC_008095.1	deepbgc	0.1.0	deepbgc	NC_008095.1_831557-833437.1	831557	833437	1880	2	11	3	0.64194		0.43	0.32	0.16	0.15		0.07	0.01	0.14	0.28	0.19	0.00	0.31	NC_008095.1_NC_008095.1_708;NC_008095.1_NC_008095.1_709	PF00891;PF08241;PF08242	PF00891;PF13489;PF13847;PF05175;PF08241;PF08242;PF13649;PF12802;PF05378;PF03301;PF07014
NC_008095.1	deepbgc	0.1.0	deepbgc	NC_008095.1_943477-952360.1	943477	952360	8883	9	11	1	0.59893	antibacterial	0.61	0.23	0.15	0.31		0.00	0.12	0.43	0.17	0.14	0.02	0.17	NC_008095.1_NC_008095.1_801;NC_008095.1_NC_008095.1_802;NC_008095.1_NC_008095.1_803;NC_008095.1_NC_008095.1_804;NC_008095.1_NC_008095.1_805;NC_008095.1_NC_008095.1_806;NC_008095.1_NC_008095.1_807;NC_008095.1_NC_008095.1_808;NC_008095.1_NC_008095.1_809	PF01118	PF05139;PF13583;PF13582;PF13688;PF10633;PF01118;PF03435;PF00440;PF13977;PF07238;PF00551
NC_008095.1	deepbgc	0.1.0	deepbgc	NC_008095.1_1185819-1234123.1	1185819	1234123	48304	36	103	13	0.92467		0.31	0.29	0.11	0.14	Saccharide	0.01	0.03	0.26	0.00	0.01	0.63	0.06	NC_008095.1_NC_008095.1_986;NC_008095.1_NC_008095.1_987;NC_008095.1_NC_008095.1_988;NC_008095.1_NC_008095.1_989;NC_008095.1_NC_008095.1_990;NC_008095.1_NC_008095.1_991;NC_008095.1_NC_008095.1_992;NC_008095.1_NC_008095.1_993;NC_008095.1_NC_008095.1_994;NC_008095.1_NC_008095.1_995;NC_008095.1_NC_008095.1_996;NC_008095.1_NC_008095.1_997;NC_008095.1_NC_008095.1_998;NC_008095.1_NC_008095.1_999;NC_008095.1_NC_008095.1_1000;NC_008095.1_NC_008095.1_1001;NC_008095.1_NC_008095.1_1002;NC_008095.1_NC_008095.1_1003;NC_008095.1_NC_008095.1_1004;NC_008095.1_NC_008095.1_1005;NC_008095.1_NC_008095.1_1006;NC_008095.1_NC_008095.1_1007;NC_008095.1_NC_008095.1_1008;NC_008095.1_NC_008095.1_1009;NC_008095.1_NC_008095.1_1010;NC_008095.1_NC_008095.1_1011;NC_008095.1_NC_008095.1_1012;NC_008095.1_NC_008095.1_1013;NC_008095.1_NC_008095.1_1014;NC_008095.1_NC_008095.1_1015;NC_008095.1_NC_008095.1_1016;NC_008095.1_NC_008095.1_1017;NC_008095.1_NC_008095.1_1018;NC_008095.1_NC_008095.1_1019;NC_008095.1_NC_008095.1_1020;NC_008095.1_NC_008095.1_1021	PF08241;PF08242;PF03720;PF00953;PF00535;PF02706;PF00984;PF00534;PF01943;PF01757;PF04932;PF02737;PF03721	PF07963;PF13448;PF14341;PF13489;PF05891;PF13847;PF05219;PF05401;PF08241;PF08242;PF13649;PF00398;PF00535;PF02706;PF13807;PF10609;PF01656;PF09140;PF13614;PF13579;PF13579;PF13439;PF13477;PF00534;PF13692;PF13524;PF13439;PF13579;PF00534;PF13692;PF13524;PF13439;PF13579;PF00534;PF13692;PF13524;PF00534;PF13692;PF13439;PF13524;PF00534;PF13692;PF13439;PF13579;PF13524;PF00534;PF13692;PF13439;PF13692;PF13579;PF13439;PF08323;PF07021;PF13489;PF13649;PF13847;PF08242;PF08241;PF01943;PF13440;PF14667;PF13641;PF00535;PF13506;PF13632;PF13641;PF10111;PF00535;PF13704;PF13506;PF11075;PF00480;PF05378;PF01869;PF00884;PF01757;PF13439;PF13579;PF00534;PF13692;PF13524;PF00953;PF06168;PF14907;PF02494;PF13517;PF14907;PF03721;PF03446;PF00070;PF01210;PF02558;PF02737;PF00984;PF03720;PF01757;PF04932;PF13428;PF07721;PF14559;PF04073;PF09533;PF09535
NC_008095.1	deepbgc	0.1.0	deepbgc	NC_008095.1_1501634-1544028.1	1501634	1544028	42394	37	65	12	0.85611		0.36	0.35	0.28	0.13	NRP	0.04	0.67	0.06	0.12	0.01	0.18	0.04	NC_008095.1_NC_008095.1_1256;NC_008095.1_NC_008095.1_1257;NC_008095.1_NC_008095.1_1258;NC_008095.1_NC_008095.1_1259;NC_008095.1_NC_008095.1_1260;NC_008095.1_NC_008095.1_1261;NC_008095.1_NC_008095.1_1262;NC_008095.1_NC_008095.1_1263;NC_008095.1_NC_008095.1_1264;NC_008095.1_NC_008095.1_1265;NC_008095.1_NC_008095.1_1266;NC_008095.1_NC_008095.1_1267;NC_008095.1_NC_008095.1_1268;NC_008095.1_NC_008095.1_1269;NC_008095.1_NC_008095.1_1270;NC_008095.1_NC_008095.1_1271;NC_008095.1_NC_008095.1_1272;NC_008095.1_NC_008095.1_1273;NC_008095.1_NC_008095.1_1274;NC_008095.1_NC_008095.1_1275;NC_008095.1_NC_008095.1_1276;NC_008095.1_NC_008095.1_1277;NC_008095.1_NC_008095.1_1278;NC_008095.1_NC_008095.1_1279;NC_008095.1_NC_008095.1_1280;NC_008095.1_NC_008095.1_1281;NC_008095.1_NC_008095.1_1282;NC_008095.1_NC_008095.1_1283;NC_008095.1_NC_008095.1_1284;NC_008095.1_NC_008095.1_1285;NC_008095.1_NC_008095.1_1286;NC_008095.1_NC_008095.1_1287;NC_008095.1_NC_008095.1_1288;NC_008095.1_NC_008095.1_1289;NC_008095.1_NC_008095.1_1290;NC_008095.1_NC_008095.1_1291;NC_008095.1_NC_008095.1_1292	PF01593;PF01266;PF01494;PF00668;PF00534;PF01370;PF01636;PF01243;PF00501;PF00106;PF08659;PF04820	PF01494;PF07992;PF01946;PF00890;PF05834;PF13450;PF04820;PF01266;PF00664;PF00005;PF13555;PF13401;PF02463;PF13483;PF00753;PF12706;PF02543;PF16861;PF05721;PF01636;PF00550;PF00668;PF13193;PF00501;PF11583;PF01593;PF01266;PF13450;PF12831;PF00070;PF07992;PF08659;PF00106;PF01370;PF13460;PF13561;PF10590;PF01243;PF12766;PF08323;PF13439;PF13579;PF00534;PF13692;PF00069;PF07714;PF03168;PF03471;PF00571;PF01595;PF13629;PF13665;PF06224;PF14412;PF09535;PF15575;PF03588;PF03168;PF07715;PF00593;PF14905;PF14064;PF06228;PF05171;PF01497
NC_008095.1	deepbgc	0.1.0	deepbgc	NC_008095.1_1545109-1545913.1	1545109	1545913	804	1	7	0	0.52174	antibacterial	0.80	0.08	0.03	0.09	RiPP	0.00	0.02	0.03	0.03	0.88	0.02	0.03	NC_008095.1_NC_008095.1_1294		PF00005;PF13555;PF03193;PF13514;PF13476;PF13304;PF13558
NC_008095.1	deepbgc	0.1.0	deepbgc	NC_008095.1_1831996-1836121.1	1831996	1836121	4125	5	24	4	0.69460		0.34	0.39	0.23	0.10	Other	0.02	0.03	0.52	0.10	0.20	0.00	0.13	NC_008095.1_NC_008095.1_1528;NC_008095.1_NC_008095.1_1529;NC_008095.1_NC_008095.1_1530;NC_008095.1_NC_008095.1_1531;NC_008095.1_NC_008095.1_1532	PF00155;PF00891;PF08241;PF08242	PF02353;PF01170;PF08123;PF01135;PF01209;PF07021;PF06325;PF01728;PF12847;PF02475;PF00891;PF13679;PF13847;PF05175;PF02390;PF13649;PF12147;PF04816;PF09445;PF08241;PF08242;PF00155;PF00210;PF02627
NC_008095.1	deepbgc	0.1.0	deepbgc	NC_008095.1_1837170-1849559.1	1837170	1849559	12389	10	21	2	0.67073	antibacterial	0.82	0.09	0.11	0.06		0.00	0.31	0.16	0.44	0.04	0.20	0.01	NC_008095.1_NC_008095.1_1534;NC_008095.1_NC_008095.1_1535;NC_008095.1_NC_008095.1_1536;NC_008095.1_NC_008095.1_1537;NC_008095.1_NC_008095.1_1538;NC_008095.1_NC_008095.1_1539;NC_008095.1_NC_008095.1_1540;NC_008095.1_NC_008095.1_1541;NC_008095.1_NC_008095.1_1542;NC_008095.1_NC_008095.1_1543	PF01041;PF00501	PF13185;PF13492;PF01590;PF14532;PF00158;PF07728;PF00004;PF02954;PF02626;PF02682;PF03746;PF00034;PF13442;PF00266;PF01041;PF00291;PF00132;PF06426;PF00501;PF13193;PF04993
NC_008095.1	deepbgc	0.1.0	deepbgc	NC_008095.1_1850627-1852001.1	1850627	1852001	1374	1	7	0	0.57102	inhibitor	0.24	0.02	0.58	0.10		0.04	0.14	0.35	0.23	0.18	0.01	0.06	NC_008095.1_NC_008095.1_1545		PF06779;PF07690;PF06609;PF13347;PF00083;PF05977;PF12832
NC_008095.1	deepbgc	0.1.0	deepbgc	NC_008095.1_1872311-1916993.1	1872311	1916993	44682	21	60	15	0.84455	cytotoxic	0.28	0.60	0.06	0.17	NRP	0.04	0.68	0.04	0.27	0.03	0.09	0.06	NC_008095.1_NC_008095.1_1563;NC_008095.1_NC_008095.1_1564;NC_008095.1_NC_008095.1_1565;NC_008095.1_NC_008095.1_1566;NC_008095.1_NC_008095.1_1567;NC_008095.1_NC_008095.1_1568;NC_008095.1_NC_008095.1_1569;NC_008095.1_NC_008095.1_1570;NC_008095.1_NC_008095.1_1571;NC_008095.1_NC_008095.1_1572;NC_008095.1_NC_008095.1_1573;NC_008095.1_NC_008095.1_1574;NC_008095.1_NC_008095.1_1575;NC_008095.1_NC_008095.1_1576;NC_008095.1_NC_008095.1_1577;NC_008095.1_NC_008095.1_1578;NC_008095.1_NC_008095.1_1579;NC_008095.1_NC_008095.1_1580;NC_008095.1_NC_008095.1_1581;NC_008095.1_NC_008095.1_1582;NC_008095.1_NC_008095.1_1583	PF01266;PF08241;PF08242;PF01494;PF00668;PF01553;PF00975;PF00155;PF01370;PF00891;PF00355;PF00501;PF04321;PF00106;PF08659	PF01494;PF01266;PF01946;PF04321;PF16363;PF01370;PF13460;PF01073;PF01225;PF01553;PF00005;PF13604;PF13304;PF13732;PF12698;PF01061;PF12679;PF16864;PF02527;PF05175;PF13489;PF00891;PF13847;PF13649;PF08241;PF08242;PF00155;PF13579;PF00487;PF13489;PF00891;PF02353;PF13847;PF06325;PF05175;PF08241;PF01739;PF08242;PF13649;PF10294;PF16864;PF00501;PF14535;PF08659;PF00106;PF13561;PF00550;PF02687;PF02687;PF17131;PF00975;PF00550;PF13193;PF00501;PF00668;PF00355;PF13442;PF00034;PF14537;PF01523
NC_008095.1	deepbgc	0.1.0	deepbgc	NC_008095.1_1934112-1939352.1	1934112	1939352	5240	3	7	1	0.58818	antibacterial	0.60	0.06	0.30	0.18		0.02	0.02	0.39	0.16	0.17	0.06	0.22	NC_008095.1_NC_008095.1_1600;NC_008095.1_NC_008095.1_1601;NC_008095.1_NC_008095.1_1602	PF00583	PF13229;PF13229;PF13302;PF13420;PF00583;PF13523;PF12746
NC_008095.1	deepbgc	0.1.0	deepbgc	NC_008095.1_1943451-1962426.1	1943451	1962426	18975	18	24	1	0.66364		0.49	0.08	0.10	0.37		0.02	0.33	0.16	0.22	0.07	0.17	0.20	NC_008095.1_NC_008095.1_1607;NC_008095.1_NC_008095.1_1608;NC_008095.1_NC_008095.1_1609;NC_008095.1_NC_008095.1_1610;NC_008095.1_NC_008095.1_1611;NC_008095.1_NC_008095.1_1612;NC_008095.1_NC_008095.1_1613;NC_008095.1_NC_008095.1_1614;NC_008095.1_NC_008095.1_1615;NC_008095.1_NC_008095.1_1616;NC_008095.1_NC_008095.1_1617;NC_008095.1_NC_008095.1_1618;NC_008095.1_NC_008095.1_1619;NC_008095.1_NC_008095.1_1620;NC_008095.1_NC_008095.1_1621;NC_008095.1_NC_008095.1_1622;NC_008095.1_NC_008095.1_1623;NC_008095.1_NC_008095.1_1624	PF00561	PF02366;PF13231;PF02082;PF00561;PF12146;PF12697;PF07947;PF01661;PF12867;PF10851;PF00135;PF07859;PF00089;PF09342;PF13365;PF04151;PF12836;PF08818;PF00487;PF00440;PF13360;PF00400;PF08662;PF12894
NC_008095.1	deepbgc	0.1.0	deepbgc	NC_008095.1_1963153-1966604.1	1963153	1966604	3451	5	8	0	0.56801	antibacterial-antifungal	0.66	0.06	0.18	0.54	Polyketide	0.00	0.02	0.08	0.81	0.07	0.01	0.02	NC_008095.1_NC_008095.1_1626;NC_008095.1_NC_008095.1_1627;NC_008095.1_NC_008095.1_1628;NC_008095.1_NC_008095.1_1629;NC_008095.1_NC_008095.1_1630		PF13490;PF07638;PF04542;PF08281;PF04545;PF13384;PF07690;PF00083
NC_008095.1	deepbgc	0.1.0	deepbgc	NC_008095.1_2065386-2066823.1	2065386	2066823	1437	1	1	1	0.59219	antibacterial	0.94	0.00	0.04	0.01	Polyketide-Terpene	0.00	0.00	0.07	0.62	0.00	0.00	0.75	NC_008095.1_NC_008095.1_1710	PF00067	PF00067
NC_008095.1	deepbgc	0.1.0	deepbgc	NC_008095.1_2092635-2128443.1	2092635	2128443	35808	35	40	2	0.82820	antibacterial	0.57	0.08	0.09	0.33	RiPP	0.02	0.05	0.07	0.03	0.82	0.01	0.01	NC_008095.1_NC_008095.1_1735;NC_008095.1_NC_008095.1_1736;NC_008095.1_NC_008095.1_1737;NC_008095.1_NC_008095.1_1738;NC_008095.1_NC_008095.1_1739;NC_008095.1_NC_008095.1_1740;NC_008095.1_NC_008095.1_1741;NC_008095.1_NC_008095.1_1742;NC_008095.1_NC_008095.1_1743;NC_008095.1_NC_008095.1_1744;NC_008095.1_NC_008095.1_1745;NC_008095.1_NC_008095.1_1746;NC_008095.1_NC_008095.1_1747;NC_008095.1_NC_008095.1_1748;NC_008095.1_NC_008095.1_1749;NC_008095.1_NC_008095.1_1750;NC_008095.1_NC_008095.1_1751;NC_008095.1_NC_008095.1_1752;NC_008095.1_NC_008095.1_1753;NC_008095.1_NC_008095.1_1754;NC_008095.1_NC_008095.1_1755;NC_008095.1_NC_008095.1_1756;NC_008095.1_NC_008095.1_1757;NC_008095.1_NC_008095.1_1758;NC_008095.1_NC_008095.1_1759;NC_008095.1_NC_008095.1_1760;NC_008095.1_NC_008095.1_1761;NC_008095.1_NC_008095.1_1762;NC_008095.1_NC_008095.1_1763;NC_008095.1_NC_008095.1_1764;NC_008095.1_NC_008095.1_1765;NC_008095.1_NC_008095.1_1766;NC_008095.1_NC_008095.1_1767;NC_008095.1_NC_008095.1_1768;NC_008095.1_NC_008095.1_1769	PF00903;PF01636	PF01872;PF03050;PF13007;PF00877;PF12913;PF07485;PF01609;PF01609;PF13586;PF00903;PF06094;PF03050;PF00529;PF13533;PF16576;PF13437;PF03412;PF00664;PF00005;PF01935;PF00005;PF02321;PF01636;PF02958;PF00665;PF13683;PF13436;PF13683;PF13358;PF00665;PF13276;PF01527;PF13384;PF13518;PF13551;PF13022;PF13340;PF13546;PF01609;PF01872
NC_008095.1	deepbgc	0.1.0	deepbgc	NC_008095.1_2140039-2169997.1	2140039	2169997	29958	37	16	0	0.64179	antibacterial	0.86	0.07	0.17	0.26		0.00	0.09	0.07	0.32	0.22	0.03	0.32	NC_008095.1_NC_008095.1_1776;NC_008095.1_NC_008095.1_1777;NC_008095.1_NC_008095.1_1778;NC_008095.1_NC_008095.1_1779;NC_008095.1_NC_008095.1_1780;NC_008095.1_NC_008095.1_1781;NC_008095.1_NC_008095.1_1782;NC_008095.1_NC_008095.1_1783;NC_008095.1_NC_008095.1_1784;NC_008095.1_NC_008095.1_1785;NC_008095.1_NC_008095.1_1786;NC_008095.1_NC_008095.1_1787;NC_008095.1_NC_008095.1_1788;NC_008095.1_NC_008095.1_1789;NC_008095.1_NC_008095.1_1790;NC_008095.1_NC_008095.1_1791;NC_008095.1_NC_008095.1_1792;NC_008095.1_NC_008095.1_1793;NC_008095.1_NC_008095.1_1794;NC_008095.1_NC_008095.1_1795;NC_008095.1_NC_008095.1_1796;NC_008095.1_NC_008095.1_1797;NC_008095.1_NC_008095.1_1798;NC_008095.1_NC_008095.1_1799;NC_008095.1_NC_008095.1_1800;NC_008095.1_NC_008095.1_1801;NC_008095.1_NC_008095.1_1802;NC_008095.1_NC_008095.1_1803;NC_008095.1_NC_008095.1_1804;NC_008095.1_NC_008095.1_1805;NC_008095.1_NC_008095.1_1806;NC_008095.1_NC_008095.1_1807;NC_008095.1_NC_008095.1_1808;NC_008095.1_NC_008095.1_1809;NC_008095.1_NC_008095.1_1810;NC_008095.1_NC_008095.1_1811;NC_008095.1_NC_008095.1_1812		PF00643;PF06271;PF13513;PF13646;PF07798;PF13665;PF09937;PF06094;PF13772;PF06094;PF12224;PF11149;PF09684;PF04865;PF04965;PF05954
NC_008095.1	deepbgc	0.1.0	deepbgc	NC_008095.1_2211889-2221922.1	2211889	2221922	10033	12	22	1	0.72318		0.38	0.03	0.17	0.19		0.00	0.06	0.21	0.19	0.38	0.02	0.19	NC_008095.1_NC_008095.1_1857;NC_008095.1_NC_008095.1_1858;NC_008095.1_NC_008095.1_1859;NC_008095.1_NC_008095.1_1860;NC_008095.1_NC_008095.1_1861;NC_008095.1_NC_008095.1_1862;NC_008095.1_NC_008095.1_1863;NC_008095.1_NC_008095.1_1864;NC_008095.1_NC_008095.1_1865;NC_008095.1_NC_008095.1_1866;NC_008095.1_NC_008095.1_1867;NC_008095.1_NC_008095.1_1868	PF01636	PF11149;PF00239;PF07508;PF13408;PF09543;PF07714;PF00069;PF12844;PF13443;PF01381;PF13560;PF13443;PF12844;PF13560;PF01381;PF15731;PF13413;PF00069;PF07714;PF01636;PF14531;PF09544
NC_008095.1	deepbgc	0.1.0	deepbgc	NC_008095.1_2522503-2522707.1	2522503	2522707	204	1	1	0	0.54776	antibacterial	0.87	0.06	0.17	0.26		0.00	0.09	0.07	0.33	0.21	0.03	0.32	NC_008095.1_NC_008095.1_2135		PF14243
NC_008095.1	deepbgc	0.1.0	deepbgc	NC_008095.1_2529207-2549326.1	2529207	2549326	20119	19	13	0	0.76955	antibacterial	0.64	0.11	0.14	0.34	Polyketide	0.03	0.01	0.05	0.79	0.03	0.03	0.06	NC_008095.1_NC_008095.1_2141;NC_008095.1_NC_008095.1_2142;NC_008095.1_NC_008095.1_2143;NC_008095.1_NC_008095.1_2144;NC_008095.1_NC_008095.1_2145;NC_008095.1_NC_008095.1_2146;NC_008095.1_NC_008095.1_2147;NC_008095.1_NC_008095.1_2148;NC_008095.1_NC_008095.1_2149;NC_008095.1_NC_008095.1_2150;NC_008095.1_NC_008095.1_2151;NC_008095.1_NC_008095.1_2152;NC_008095.1_NC_008095.1_2153;NC_008095.1_NC_008095.1_2154;NC_008095.1_NC_008095.1_2155;NC_008095.1_NC_008095.1_2156;NC_008095.1_NC_008095.1_2157;NC_008095.1_NC_008095.1_2158;NC_008095.1_NC_008095.1_2159		PF07995;PF13564;PF07690;PF05977;PF13370;PF06532;PF00932;PF07859;PF13088;PF04542;PF08281;PF12770;PF02632
NC_008095.1	deepbgc	0.1.0	deepbgc	NC_008095.1_2565933-2567166.1	2565933	2567166	1233	1	2	0	0.55002	antibacterial	0.87	0.06	0.18	0.26		0.00	0.08	0.07	0.38	0.20	0.03	0.29	NC_008095.1_NC_008095.1_2179		PF00657;PF13472
NC_008095.1	deepbgc	0.1.0	deepbgc	NC_008095.1_2568604-2570179.1	2568604	2570179	1575	2	2	0	0.64634	antibacterial	0.87	0.06	0.17	0.26	Other	0.00	0.04	0.62	0.15	0.09	0.00	0.10	NC_008095.1_NC_008095.1_2181;NC_008095.1_NC_008095.1_2182		PF13444;PF14518
NC_008095.1	deepbgc	0.1.0	deepbgc	NC_008095.1_2574693-2575953.1	2574693	2575953	1260	1	3	0	0.51236	antibacterial	0.67	0.05	0.15	0.36	Polyketide	0.01	0.01	0.21	0.73	0.00	0.02	0.04	NC_008095.1_NC_008095.1_2187		PF13347;PF07690;PF05977
NC_008095.1	deepbgc	0.1.0	deepbgc	NC_008095.1_2582586-2583564.1	2582586	2583564	978	1	3	2	0.52515	inhibitor	0.29	0.05	0.66	0.06	Polyketide	0.00	0.20	0.05	0.80	0.01	0.00	0.01	NC_008095.1_NC_008095.1_2194	PF00107;PF08240	PF08240;PF00107;PF13602
NC_008095.1	deepbgc	0.1.0	deepbgc	NC_008095.1_2588130-2591019.1	2588130	2591019	2889	2	13	2	0.63495	cytotoxic	0.25	0.50	0.23	0.02		0.06	0.02	0.34	0.05	0.14	0.00	0.40	NC_008095.1_NC_008095.1_2197;NC_008095.1_NC_008095.1_2198	PF08241;PF08242	PF13847;PF08003;PF13489;PF02353;PF05175;PF08241;PF01209;PF08242;PF13649;PF07021;PF00015;PF15984;PF07695
NC_008095.1	deepbgc	0.1.0	deepbgc	NC_008095.1_2788105-2792618.1	2788105	2792618	4513	3	6	0	0.58410		0.49	0.02	0.21	0.07	RiPP	0.00	0.04	0.01	0.12	0.73	0.02	0.12	NC_008095.1_NC_008095.1_2350;NC_008095.1_NC_008095.1_2351;NC_008095.1_NC_008095.1_2352		PF02624;PF07812;PF00069;PF07714;PF14531;PF06293
NC_008095.1	deepbgc	0.1.0	deepbgc	NC_008095.1_3031541-3032330.1	3031541	3032330	789	1	9	2	0.51847		0.31	0.42	0.21	0.04	Other	0.02	0.00	0.63	0.04	0.07	0.00	0.25	NC_008095.1_NC_008095.1_2556	PF08241;PF08242	PF01135;PF02353;PF13489;PF01209;PF07021;PF13847;PF08241;PF08242;PF13649
NC_008095.1	deepbgc	0.1.0	deepbgc	NC_008095.1_3319076-3336242.1	3319076	3336242	17166	12	16	1	0.68949	antibacterial	0.71	0.06	0.39	0.05	RiPP	0.00	0.00	0.01	0.00	0.99	0.00	0.00	NC_008095.1_NC_008095.1_2794;NC_008095.1_NC_008095.1_2795;NC_008095.1_NC_008095.1_2796;NC_008095.1_NC_008095.1_2797;NC_008095.1_NC_008095.1_2798;NC_008095.1_NC_008095.1_2799;NC_008095.1_NC_008095.1_2800;NC_008095.1_NC_008095.1_2801;NC_008095.1_NC_008095.1_2802;NC_008095.1_NC_008095.1_2803;NC_008095.1_NC_008095.1_2804;NC_008095.1_NC_008095.1_2805	PF05147	PF14243;PF01483;PF01425;PF02463;PF13191;PF00005;PF13555;PF00664;PF03412;PF12385;PF05147;PF13575;PF04434;PF00176;PF00271;PF05960
NC_008095.1	deepbgc	0.1.0	deepbgc	NC_008095.1_3785847-3786816.1	3785847	3786816	969	1	3	0	0.58576	antibacterial	0.86	0.06	0.19	0.27		0.00	0.09	0.10	0.32	0.21	0.03	0.30	NC_008095.1_NC_008095.1_3167		PF13371;PF13432;PF14561
NC_008095.1	deepbgc	0.1.0	deepbgc	NC_008095.1_3787452-3788364.1	3787452	3788364	912	1	1	1	0.53755	antibacterial	0.76	0.06	0.14	0.28		0.00	0.07	0.25	0.24	0.21	0.03	0.25	NC_008095.1_NC_008095.1_3169	PF01636	PF01636
NC_008095.1	deepbgc	0.1.0	deepbgc	NC_008095.1_3791546-3792794.1	3791546	3792794	1248	2	5	0	0.56022	antibacterial	0.80	0.15	0.16	0.20		0.00	0.06	0.30	0.31	0.14	0.05	0.20	NC_008095.1_NC_008095.1_3173;NC_008095.1_NC_008095.1_3174		PF13463;PF12802;PF01047;PF12840;PF07237
NC_008095.1	deepbgc	0.1.0	deepbgc	NC_008095.1_3815840-3817043.1	3815840	3817043	1203	1	2	1	0.51915	antibacterial	0.78	0.06	0.15	0.25	Saccharide	0.00	0.04	0.04	0.21	0.12	0.52	0.09	NC_008095.1_NC_008095.1_3195	PF00534	PF00534;PF13692
NC_008095.1	deepbgc	0.1.0	deepbgc	NC_008095.1_4012288-4013497.1	4012288	4013497	1209	1	1	0	0.51695	antibacterial	0.86	0.06	0.17	0.26		0.00	0.12	0.07	0.31	0.21	0.03	0.30	NC_008095.1_NC_008095.1_3378		PF02321
NC_008095.1	deepbgc	0.1.0	deepbgc	NC_008095.1_4024939-4040172.1	4024939	4040172	15233	10	25	9	0.68871	antibacterial	0.70	0.19	0.09	0.10	Polyketide	0.00	0.33	0.07	0.54	0.00	0.05	0.03	NC_008095.1_NC_008095.1_3385;NC_008095.1_NC_008095.1_3386;NC_008095.1_NC_008095.1_3387;NC_008095.1_NC_008095.1_3388;NC_008095.1_NC_008095.1_3389;NC_008095.1_NC_008095.1_3390;NC_008095.1_NC_008095.1_3391;NC_008095.1_NC_008095.1_3392;NC_008095.1_NC_008095.1_3393;NC_008095.1_NC_008095.1_3394	PF02894;PF00108;PF01408;PF00698;PF00109;PF04055;PF02801;PF00106;PF08659	PF00198;PF03781;PF13186;PF04055;PF13353;PF13394;PF04828;PF13727;PF01408;PF03435;PF02894;PF00550;PF00106;PF08659;PF13561;PF00698;PF00109;PF00108;PF02801;PF16197;PF08659;PF00106;PF13561;PF14765;PF00487
NC_008095.1	deepbgc	0.1.0	deepbgc	NC_008095.1_4105461-4117032.1	4105461	4117032	11571	10	33	7	0.71931	cytotoxic	0.32	0.51	0.21	0.13		0.02	0.30	0.36	0.15	0.02	0.06	0.16	NC_008095.1_NC_008095.1_3452;NC_008095.1_NC_008095.1_3453;NC_008095.1_NC_008095.1_3454;NC_008095.1_NC_008095.1_3455;NC_008095.1_NC_008095.1_3456;NC_008095.1_NC_008095.1_3457;NC_008095.1_NC_008095.1_3458;NC_008095.1_NC_008095.1_3459;NC_008095.1_NC_008095.1_3460;NC_008095.1_NC_008095.1_3461	PF01266;PF08241;PF08242;PF01494;PF00975;PF00561;PF00501	PF01209;PF13489;PF13847;PF08241;PF08242;PF13649;PF07021;PF01135;PF13679;PF03102;PF00793;PF00425;PF02776;PF16582;PF02775;PF00975;PF00561;PF12697;PF12146;PF00756;PF01040;PF02746;PF13378;PF00501;PF13193;PF01494;PF01946;PF12831;PF01266;PF00890;PF07992;PF03486;PF13450
NC_008095.1	deepbgc	0.1.0	deepbgc	NC_008095.1_4217988-4357205.1	4217988	4357205	139217	39	119	17	0.94701	antibacterial	0.51	0.25	0.07	0.21	NRP-Polyketide	0.00	0.62	0.05	0.62	0.02	0.15	0.01	NC_008095.1_NC_008095.1_3537;NC_008095.1_NC_008095.1_3538;NC_008095.1_NC_008095.1_3539;NC_008095.1_NC_008095.1_3540;NC_008095.1_NC_008095.1_3541;NC_008095.1_NC_008095.1_3542;NC_008095.1_NC_008095.1_3543;NC_008095.1_NC_008095.1_3544;NC_008095.1_NC_008095.1_3545;NC_008095.1_NC_008095.1_3546;NC_008095.1_NC_008095.1_3547;NC_008095.1_NC_008095.1_3548;NC_008095.1_NC_008095.1_3549;NC_008095.1_NC_008095.1_3550;NC_008095.1_NC_008095.1_3551;NC_008095.1_NC_008095.1_3552;NC_008095.1_NC_008095.1_3553;NC_008095.1_NC_008095.1_3554;NC_008095.1_NC_008095.1_3555;NC_008095.1_NC_008095.1_3556;NC_008095.1_NC_008095.1_3557;NC_008095.1_NC_008095.1_3558;NC_008095.1_NC_008095.1_3559;NC_008095.1_NC_008095.1_3560;NC_008095.1_NC_008095.1_3561;NC_008095.1_NC_008095.1_3562;NC_008095.1_NC_008095.1_3563;NC_008095.1_NC_008095.1_3564;NC_008095.1_NC_008095.1_3565;NC_008095.1_NC_008095.1_3566;NC_008095.1_NC_008095.1_3567;NC_008095.1_NC_008095.1_3568;NC_008095.1_NC_008095.1_3569;NC_008095.1_NC_008095.1_3570;NC_008095.1_NC_008095.1_3571;NC_008095.1_NC_008095.1_3572;NC_008095.1_NC_008095.1_3573;NC_008095.1_NC_008095.1_3574;NC_008095.1_NC_008095.1_3575	PF04738;PF00668;PF00975;PF07993;PF00108;PF00857;PF02801;PF00534;PF00202;PF00698;PF00109;PF01370;PF02719;PF00501;PF04321;PF00106;PF08659	PF13546;PF01609;PF13565;PF00975;PF00501;PF00668;PF00550;PF13193;PF00550;PF08659;PF00698;PF16197;PF02801;PF00109;PF00108;PF00109;PF02801;PF16197;PF00698;PF08659;PF00106;PF13561;PF00550;PF00109;PF00108;PF02801;PF16197;PF00698;PF00550;PF04339;PF13480;PF09924;PF14497;PF00043;PF17171;PF13410;PF02798;PF13409;PF04738;PF13621;PF02373;PF08007;PF00975;PF12697;PF12146;PF13524;PF00534;PF13692;PF13439;PF13579;PF13477;PF08323;PF00550;PF00698;PF16197;PF02801;PF00109;PF00108;PF00550;PF08659;PF00106;PF13561;PF00698;PF16197;PF02801;PF00109;PF00296;PF00296;PF13193;PF00550;PF00501;PF00668;PF00109;PF02801;PF16197;PF00698;PF00550;PF00296;PF00668;PF00501;PF13193;PF00501;PF00550;PF00668;PF13193;PF00975;PF01244;PF04706;PF08021;PF04954;PF00202;PF07690;PF00083;PF01474;PF07993;PF01370;PF16363;PF04321;PF13460;PF01073;PF02719;PF00550;PF13193;PF00501;PF00668;PF00550;PF13663;PF00857;PF13193;PF00501;PF00425;PF13561;PF00106;PF08659;PF12704;PF02687;PF02687;PF12704;PF04239
NC_008095.1	deepbgc	0.1.0	deepbgc	NC_008095.1_4501280-4552403.1	4501280	4552403	51123	8	28	9	0.77415		0.24	0.47	0.26	0.11	NRP-Polyketide	0.00	0.91	0.00	0.72	0.00	0.02	0.00	NC_008095.1_NC_008095.1_3698;NC_008095.1_NC_008095.1_3699;NC_008095.1_NC_008095.1_3700;NC_008095.1_NC_008095.1_3701;NC_008095.1_NC_008095.1_3702;NC_008095.1_NC_008095.1_3703;NC_008095.1_NC_008095.1_3704;NC_008095.1_NC_008095.1_3705	PF08241;PF08242;PF00668;PF00975;PF00698;PF00109;PF04055;PF00501;PF02801	PF00501;PF13489;PF01209;PF08003;PF13847;PF05175;PF05401;PF13649;PF08241;PF08242;PF00550;PF00109;PF02801;PF16197;PF00698;PF00296;PF13193;PF00668;PF00975;PF01734;PF09335;PF00027;PF00132;PF14602;PF01938;PF04055;PF00919;PF05762
NC_008095.1	deepbgc	0.1.0	deepbgc	NC_008095.1_4729982-4809194.1	4729982	4809194	79212	20	93	18	0.96910	antibacterial	0.53	0.32	0.10	0.06	NRP-Polyketide	0.00	0.88	0.04	0.92	0.01	0.00	0.00	NC_008095.1_NC_008095.1_3852;NC_008095.1_NC_008095.1_3853;NC_008095.1_NC_008095.1_3854;NC_008095.1_NC_008095.1_3855;NC_008095.1_NC_008095.1_3856;NC_008095.1_NC_008095.1_3857;NC_008095.1_NC_008095.1_3858;NC_008095.1_NC_008095.1_3859;NC_008095.1_NC_008095.1_3860;NC_008095.1_NC_008095.1_3861;NC_008095.1_NC_008095.1_3862;NC_008095.1_NC_008095.1_3863;NC_008095.1_NC_008095.1_3864;NC_008095.1_NC_008095.1_3865;NC_008095.1_NC_008095.1_3866;NC_008095.1_NC_008095.1_3867;NC_008095.1_NC_008095.1_3868;NC_008095.1_NC_008095.1_3869;NC_008095.1_NC_008095.1_3870;NC_008095.1_NC_008095.1_3871	PF00378;PF00107;PF08241;PF08242;PF00668;PF00975;PF08240;PF00108;PF00067;PF08545;PF01370;PF00109;PF00698;PF00501;PF02801;PF00583;PF00106;PF08659	PF05148;PF06325;PF13847;PF13489;PF02353;PF01209;PF05175;PF08241;PF08242;PF13649;PF05401;PF03291;PF00975;PF12697;PF13602;PF00107;PF08240;PF13489;PF08242;PF13649;PF08659;PF00106;PF13561;PF14765;PF16197;PF02801;PF00109;PF00108;PF00550;PF13847;PF08241;PF06080;PF02801;PF00109;PF00108;PF00550;PF08659;PF00106;PF13561;PF14765;PF16197;PF13602;PF00107;PF08240;PF03060;PF02801;PF13561;PF14765;PF16197;PF00109;PF08659;PF00106;PF00108;PF00550;PF13193;PF00501;PF00668;PF00550;PF16197;PF02801;PF00109;PF08659;PF14765;PF00296;PF08659;PF01370;PF00106;PF13561;PF16197;PF02801;PF00109;PF00550;PF00583;PF16864;PF00378;PF16113;PF00378;PF16113;PF02801;PF00109;PF00698;PF00067;PF01252;PF08540;PF08545;PF01154;PF00550;PF08540;PF08545;PF01154;PF00195;PF00550;PF02357
NC_008095.1	deepbgc	0.1.0	deepbgc	NC_008095.1_4874487-4910669.1	4874487	4910669	36182	8	26	7	0.83409	antibacterial	0.52	0.18	0.09	0.41	NRP-Polyketide	0.00	0.86	0.00	0.54	0.00	0.00	0.02	NC_008095.1_NC_008095.1_3919;NC_008095.1_NC_008095.1_3920;NC_008095.1_NC_008095.1_3921;NC_008095.1_NC_008095.1_3922;NC_008095.1_NC_008095.1_3923;NC_008095.1_NC_008095.1_3924;NC_008095.1_NC_008095.1_3925;NC_008095.1_NC_008095.1_3926	PF00248;PF00668;PF00975;PF02801;PF00698;PF00109;PF00501	PF01520;PF00975;PF12697;PF00668;PF00550;PF13193;PF00501;PF13193;PF00501;PF00668;PF00296;PF00550;PF00698;PF16197;PF02801;PF00109;PF00550;PF13193;PF00501;PF00668;PF00248;PF03167;PF13566;PF16697;PF00498;PF13365
NC_008095.1	deepbgc	0.1.0	deepbgc	NC_008095.1_4987822-5026357.1	4987822	5026357	38535	10	46	11	0.86744	cytotoxic	0.31	0.53	0.17	0.11	NRP-Polyketide	0.00	0.93	0.00	0.93	0.01	0.00	0.00	NC_008095.1_NC_008095.1_3993;NC_008095.1_NC_008095.1_3994;NC_008095.1_NC_008095.1_3995;NC_008095.1_NC_008095.1_3996;NC_008095.1_NC_008095.1_3997;NC_008095.1_NC_008095.1_3998;NC_008095.1_NC_008095.1_3999;NC_008095.1_NC_008095.1_4000;NC_008095.1_NC_008095.1_4001;NC_008095.1_NC_008095.1_4002	PF08241;PF08242;PF00668;PF00975;PF00108;PF00698;PF00109;PF00501;PF02801;PF00106;PF08659	PF07730;PF02518;PF13581;PF00072;PF04545;PF00196;PF08281;PF13936;PF12840;PF13384;PF13551;PF13518;PF00150;PF13476;PF00005;PF13555;PF13304;PF01433;PF09536;PF00109;PF00108;PF02801;PF16197;PF00698;PF14765;PF08659;PF00106;PF13561;PF00550;PF00501;PF13489;PF05175;PF13847;PF13649;PF08241;PF08242;PF00550;PF00668;PF13193;PF13193;PF00501;PF00550;PF00668;PF00975;PF12697;PF10027
NC_008095.1	deepbgc	0.1.0	deepbgc	NC_008095.1_5067898-5069143.1	5067898	5069143	1245	1	1	1	0.56716	antibacterial	0.94	0.00	0.04	0.01	Polyketide-Terpene	0.00	0.00	0.07	0.62	0.00	0.00	0.75	NC_008095.1_NC_008095.1_4046	PF00067	PF00067
NC_008095.1	deepbgc	0.1.0	deepbgc	NC_008095.1_5250929-5320117.1	5250929	5320117	69188	36	108	15	0.79288		0.30	0.49	0.17	0.27	NRP-Polyketide	0.01	0.84	0.04	0.86	0.01	0.01	0.01	NC_008095.1_NC_008095.1_4201;NC_008095.1_NC_008095.1_4202;NC_008095.1_NC_008095.1_4203;NC_008095.1_NC_008095.1_4204;NC_008095.1_NC_008095.1_4205;NC_008095.1_NC_008095.1_4206;NC_008095.1_NC_008095.1_4207;NC_008095.1_NC_008095.1_4208;NC_008095.1_NC_008095.1_4209;NC_008095.1_NC_008095.1_4210;NC_008095.1_NC_008095.1_4211;NC_008095.1_NC_008095.1_4212;NC_008095.1_NC_008095.1_4213;NC_008095.1_NC_008095.1_4214;NC_008095.1_NC_008095.1_4215;NC_008095.1_NC_008095.1_4216;NC_008095.1_NC_008095.1_4217;NC_008095.1_NC_008095.1_4218;NC_008095.1_NC_008095.1_4219;NC_008095.1_NC_008095.1_4220;NC_008095.1_NC_008095.1_4221;NC_008095.1_NC_008095.1_4222;NC_008095.1_NC_008095.1_4223;NC_008095.1_NC_008095.1_4224;NC_008095.1_NC_008095.1_4225;NC_008095.1_NC_008095.1_4226;NC_008095.1_NC_008095.1_4227;NC_008095.1_NC_008095.1_4228;NC_008095.1_NC_008095.1_4229;NC_008095.1_NC_008095.1_4230;NC_008095.1_NC_008095.1_4231;NC_008095.1_NC_008095.1_4232;NC_008095.1_NC_008095.1_4233;NC_008095.1_NC_008095.1_4234;NC_008095.1_NC_008095.1_4235;NC_008095.1_NC_008095.1_4236	PF08241;PF01494;PF00668;PF00975;PF02771;PF00108;PF02770;PF08028;PF00698;PF00109;PF00441;PF00501;PF02801;PF00106;PF08659	PF08007;PF00975;PF12697;PF00550;PF00550;PF08659;PF00106;PF13561;PF14765;PF00698;PF16197;PF02801;PF00109;PF02374;PF01656;PF13614;PF00448;PF10609;PF13191;PF01734;PF12697;PF00975;PF00550;PF13193;PF00501;PF00668;PF00550;PF08659;PF13561;PF00106;PF14765;PF00698;PF16197;PF02801;PF00109;PF00108;PF00550;PF08659;PF00106;PF13561;PF14765;PF00698;PF16197;PF02801;PF00109;PF00108;PF08659;PF00106;PF13561;PF14765;PF00698;PF16197;PF02801;PF00109;PF00550;PF13193;PF00501;PF00668;PF00550;PF08659;PF00106;PF13561;PF00698;PF16197;PF02801;PF00109;PF00108;PF00550;PF16197;PF02801;PF00109;PF00108;PF08491;PF01494;PF01663;PF02771;PF02770;PF00441;PF08028;PF00501;PF13193;PF05170;PF07027;PF07676;PF04545;PF08281;PF04542;PF02635;PF03601;PF02872;PF00149;PF00581;PF13490;PF08281;PF04545;PF04542;PF04143;PF04143;PF12706;PF00753;PF00581;PF01925;PF05724;PF13489;PF03848;PF13847;PF13649;PF08241
NC_008095.1	deepbgc	0.1.0	deepbgc	NC_008095.1_5377078-5378248.1	5377078	5378248	1170	1	2	0	0.52263		0.42	0.03	0.30	0.14		0.00	0.09	0.07	0.31	0.27	0.03	0.29	NC_008095.1_NC_008095.1_4285		PF07714;PF00069
NC_008095.1	deepbgc	0.1.0	deepbgc	NC_008095.1_5378800-5388725.1	5378800	5388725	9925	12	9	1	0.64057		0.33	0.03	0.25	0.16		0.00	0.07	0.21	0.22	0.30	0.03	0.22	NC_008095.1_NC_008095.1_4287;NC_008095.1_NC_008095.1_4288;NC_008095.1_NC_008095.1_4289;NC_008095.1_NC_008095.1_4290;NC_008095.1_NC_008095.1_4291;NC_008095.1_NC_008095.1_4292;NC_008095.1_NC_008095.1_4293;NC_008095.1_NC_008095.1_4294;NC_008095.1_NC_008095.1_4295;NC_008095.1_NC_008095.1_4296;NC_008095.1_NC_008095.1_4297;NC_008095.1_NC_008095.1_4298	PF01636	PF00069;PF07714;PF01636;PF09544;PF09543;PF14412;PF09543;PF09543;PF05853
NC_008095.1	deepbgc	0.1.0	deepbgc	NC_008095.1_5404736-5474597.1	5404736	5474597	69861	27	73	12	0.91704		0.44	0.19	0.22	0.24	NRP-Polyketide	0.00	0.86	0.01	0.62	0.00	0.00	0.00	NC_008095.1_NC_008095.1_4313;NC_008095.1_NC_008095.1_4314;NC_008095.1_NC_008095.1_4315;NC_008095.1_NC_008095.1_4316;NC_008095.1_NC_008095.1_4317;NC_008095.1_NC_008095.1_4318;NC_008095.1_NC_008095.1_4319;NC_008095.1_NC_008095.1_4320;NC_008095.1_NC_008095.1_4321;NC_008095.1_NC_008095.1_4322;NC_008095.1_NC_008095.1_4323;NC_008095.1_NC_008095.1_4324;NC_008095.1_NC_008095.1_4325;NC_008095.1_NC_008095.1_4326;NC_008095.1_NC_008095.1_4327;NC_008095.1_NC_008095.1_4328;NC_008095.1_NC_008095.1_4329;NC_008095.1_NC_008095.1_4330;NC_008095.1_NC_008095.1_4331;NC_008095.1_NC_008095.1_4332;NC_008095.1_NC_008095.1_4333;NC_008095.1_NC_008095.1_4334;NC_008095.1_NC_008095.1_4335;NC_008095.1_NC_008095.1_4336;NC_008095.1_NC_008095.1_4337;NC_008095.1_NC_008095.1_4338;NC_008095.1_NC_008095.1_4339	PF00903;PF08241;PF00668;PF00975;PF00108;PF00202;PF00698;PF00109;PF00561;PF00501;PF02801;PF00583	PF16697;PF00498;PF02274;PF00109;PF00108;PF02801;PF16197;PF00698;PF00202;PF00668;PF00501;PF13193;PF00550;PF00668;PF00501;PF13193;PF00550;PF00501;PF00550;PF00668;PF13193;PF00668;PF00501;PF13193;PF00550;PF00975;PF00561;PF12146;PF12697;PF05990;PF10230;PF05977;PF07690;PF00501;PF02694;PF00892;PF05170;PF13621;PF08007;PF04989;PF08007;PF13621;PF02373;PF05175;PF06325;PF13847;PF13649;PF08241;PF00501;PF00550;PF00668;PF13193;PF00109;PF02801;PF16197;PF00698;PF00550;PF00668;PF00501;PF13193;PF04989;PF13578;PF13673;PF08445;PF00583;PF07690;PF05977;PF05118;PF00903;PF01169;PF04306;PF12651;PF01402
NC_008095.1	deepbgc	0.1.0	deepbgc	NC_008095.1_5549550-5691133.1	5549550	5691133	141583	74	138	18	0.81460	antibacterial	0.52	0.31	0.16	0.14	NRP-Polyketide	0.04	0.67	0.03	0.75	0.02	0.04	0.00	NC_008095.1_NC_008095.1_4397;NC_008095.1_NC_008095.1_4398;NC_008095.1_NC_008095.1_4399;NC_008095.1_NC_008095.1_4400;NC_008095.1_NC_008095.1_4401;NC_008095.1_NC_008095.1_4402;NC_008095.1_NC_008095.1_4403;NC_008095.1_NC_008095.1_4404;NC_008095.1_NC_008095.1_4405;NC_008095.1_NC_008095.1_4406;NC_008095.1_NC_008095.1_4407;NC_008095.1_NC_008095.1_4408;NC_008095.1_NC_008095.1_4409;NC_008095.1_NC_008095.1_4410;NC_008095.1_NC_008095.1_4411;NC_008095.1_NC_008095.1_4412;NC_008095.1_NC_008095.1_4413;NC_008095.1_NC_008095.1_4414;NC_008095.1_NC_008095.1_4415;NC_008095.1_NC_008095.1_4416;NC_008095.1_NC_008095.1_4417;NC_008095.1_NC_008095.1_4418;NC_008095.1_NC_008095.1_4419;NC_008095.1_NC_008095.1_4420;NC_008095.1_NC_008095.1_4421;NC_008095.1_NC_008095.1_4422;NC_008095.1_NC_008095.1_4423;NC_008095.1_NC_008095.1_4424;NC_008095.1_NC_008095.1_4425;NC_008095.1_NC_008095.1_4426;NC_008095.1_NC_008095.1_4427;NC_008095.1_NC_008095.1_4428;NC_008095.1_NC_008095.1_4429;NC_008095.1_NC_008095.1_4430;NC_008095.1_NC_008095.1_4431;NC_008095.1_NC_008095.1_4432;NC_008095.1_NC_008095.1_4433;NC_008095.1_NC_008095.1_4434;NC_008095.1_NC_008095.1_4435;NC_008095.1_NC_008095.1_4436;NC_008095.1_NC_008095.1_4437;NC_008095.1_NC_008095.1_4438;NC_008095.1_NC_008095.1_4439;NC_008095.1_NC_008095.1_4440;NC_008095.1_NC_008095.1_4441;NC_008095.1_NC_008095.1_4442;NC_008095.1_NC_008095.1_4443;NC_008095.1_NC_008095.1_4444;NC_008095.1_NC_008095.1_4445;NC_008095.1_NC_008095.1_4446;NC_008095.1_NC_008095.1_4447;NC_008095.1_NC_008095.1_4448;NC_008095.1_NC_008095.1_4449;NC_008095.1_NC_008095.1_4450;NC_008095.1_NC_008095.1_4451;NC_008095.1_NC_008095.1_4452;NC_008095.1_NC_008095.1_4453;NC_008095.1_NC_008095.1_4454;NC_008095.1_NC_008095.1_4455;NC_008095.1_NC_008095.1_4456;NC_008095.1_NC_008095.1_4457;NC_008095.1_NC_008095.1_4458;NC_008095.1_NC_008095.1_4459;NC_008095.1_NC_008095.1_4460;NC_008095.1_NC_008095.1_4461;NC_008095.1_NC_008095.1_4462;NC_008095.1_NC_008095.1_4463;NC_008095.1_NC_008095.1_4464;NC_008095.1_NC_008095.1_4465;NC_008095.1_NC_008095.1_4466;NC_008095.1_NC_008095.1_4467;NC_008095.1_NC_008095.1_4468;NC_008095.1_NC_008095.1_4469;NC_008095.1_NC_008095.1_4470	PF01593;PF00107;PF04738;PF01266;PF07993;PF00668;PF00108;PF02801;PF02719;PF01370;PF00698;PF00109;PF01636;PF04055;PF00501;PF04321;PF00106;PF08659	PF00069;PF07714;PF01163;PF01636;PF09544;PF09450;PF13646;PF09450;PF09543;PF13699;PF13576;PF13599;PF00805;PF14065;PF04984;PF17482;PF06841;PF06841;PF05954;PF04965;PF04865;PF09684;PF00004;PF01872;PF00126;PF12802;PF03466;PF03466;PF13558;PF13514;PF12850;PF00149;PF00196;PF13444;PF00884;PF02995;PF01547;PF07993;PF13460;PF01370;PF16363;PF04321;PF01073;PF02719;PF00550;PF13193;PF00501;PF00668;PF00550;PF08659;PF00106;PF13561;PF13602;PF00107;PF14765;PF00698;PF16197;PF02801;PF00109;PF00108;PF00550;PF02801;PF00109;PF00108;PF08659;PF00106;PF13561;PF14765;PF00698;PF16197;PF00550;PF08659;PF13561;PF00106;PF14765;PF00698;PF16197;PF02801;PF00109;PF00108;PF00550;PF08659;PF00106;PF13561;PF14765;PF00698;PF16197;PF02801;PF00109;PF00108;PF00550;PF08659;PF00106;PF13561;PF14765;PF00698;PF16197;PF02801;PF00109;PF00108;PF05721;PF13193;PF00296;PF00668;PF00550;PF00501;PF05977;PF07690;PF14200;PF00652;PF00182;PF04542;PF06114;PF01435;PF01935;PF05872;PF10412;PF03372;PF04264;PF02310;PF04055;PF13424;PF14559;PF13432;PF13191;PF10923;PF00211;PF03641;PF13424;PF01266;PF01593;PF04738;PF04738;PF00069;PF07714;PF00593;PF07715;PF12974
NC_008095.1	deepbgc	0.1.0	deepbgc	NC_008095.1_5732742-5807239.1	5732742	5807239	74497	34	116	15	0.95529		0.46	0.33	0.30	0.14		0.00	0.44	0.05	0.10	0.00	0.43	0.03	NC_008095.1_NC_008095.1_4500;NC_008095.1_NC_008095.1_4501;NC_008095.1_NC_008095.1_4502;NC_008095.1_NC_008095.1_4503;NC_008095.1_NC_008095.1_4504;NC_008095.1_NC_008095.1_4505;NC_008095.1_NC_008095.1_4506;NC_008095.1_NC_008095.1_4507;NC_008095.1_NC_008095.1_4508;NC_008095.1_NC_008095.1_4509;NC_008095.1_NC_008095.1_4510;NC_008095.1_NC_008095.1_4511;NC_008095.1_NC_008095.1_4512;NC_008095.1_NC_008095.1_4513;NC_008095.1_NC_008095.1_4514;NC_008095.1_NC_008095.1_4515;NC_008095.1_NC_008095.1_4516;NC_008095.1_NC_008095.1_4517;NC_008095.1_NC_008095.1_4518;NC_008095.1_NC_008095.1_4519;NC_008095.1_NC_008095.1_4520;NC_008095.1_NC_008095.1_4521;NC_008095.1_NC_008095.1_4522;NC_008095.1_NC_008095.1_4523;NC_008095.1_NC_008095.1_4524;NC_008095.1_NC_008095.1_4525;NC_008095.1_NC_008095.1_4526;NC_008095.1_NC_008095.1_4527;NC_008095.1_NC_008095.1_4528;NC_008095.1_NC_008095.1_4529;NC_008095.1_NC_008095.1_4530;NC_008095.1_NC_008095.1_4531;NC_008095.1_NC_008095.1_4532;NC_008095.1_NC_008095.1_4533	PF00483;PF08241;PF08242;PF07993;PF00668;PF00908;PF00535;PF00534;PF02719;PF01370;PF01636;PF04055;PF04321;PF00501;PF00583	PF13432;PF14559;PF07721;PF00069;PF07714;PF12330;PF06293;PF01636;PF07993;PF01370;PF16363;PF01073;PF00501;PF00668;PF00550;PF13193;PF00464;PF00583;PF13673;PF13508;PF00668;PF00501;PF13193;PF00550;PF00668;PF00501;PF13193;PF00550;PF02310;PF04055;PF00501;PF13193;PF00550;PF00668;PF04389;PF01546;PF05343;PF04055;PF02310;PF00550;PF00501;PF13193;PF00668;PF02310;PF04055;PF13621;PF08007;PF05977;PF07690;PF13347;PF02018;PF13810;PF08327;PF10604;PF13347;PF07690;PF00083;PF05977;PF00908;PF00483;PF12804;PF04321;PF01073;PF07993;PF01370;PF16363;PF13460;PF02719;PF16363;PF02719;PF04321;PF01370;PF01073;PF07993;PF13460;PF12996;PF00534;PF13692;PF13524;PF09720;PF08323;PF13579;PF13439;PF00534;PF13692;PF13524;PF13641;PF00535;PF10111;PF13704;PF00535;PF10066;PF10111;PF00535;PF13641;PF13579;PF13489;PF13847;PF03848;PF08241;PF08242;PF13649;PF13524;PF00534;PF13692;PF13641;PF13632;PF13506;PF00535;PF10111;PF14524;PF00005;PF13555;PF13476;PF13304;PF01061
NC_008095.1	deepbgc	0.1.0	deepbgc	NC_008095.1_5968612-5971047.1	5968612	5971047	2435	3	10	6	0.53059	antibacterial	0.63	0.21	0.12	0.08	Polyketide	0.01	0.13	0.03	0.87	0.00	0.10	0.01	NC_008095.1_NC_008095.1_4674;NC_008095.1_NC_008095.1_4675;NC_008095.1_NC_008095.1_4676	PF00108;PF01370;PF00109;PF02801;PF00106;PF08659	PF02801;PF00109;PF00108;PF00550;PF14573;PF13561;PF00106;PF08659;PF01370;PF12242
NC_008095.1	deepbgc	0.1.0	deepbgc	NC_008095.1_6144180-6200340.1	6144180	6200340	56160	43	78	7	0.85420	cytotoxic	0.34	0.51	0.15	0.11		0.10	0.09	0.13	0.10	0.34	0.08	0.24	NC_008095.1_NC_008095.1_4810;NC_008095.1_NC_008095.1_4811;NC_008095.1_NC_008095.1_4812;NC_008095.1_NC_008095.1_4813;NC_008095.1_NC_008095.1_4814;NC_008095.1_NC_008095.1_4815;NC_008095.1_NC_008095.1_4816;NC_008095.1_NC_008095.1_4817;NC_008095.1_NC_008095.1_4818;NC_008095.1_NC_008095.1_4819;NC_008095.1_NC_008095.1_4820;NC_008095.1_NC_008095.1_4821;NC_008095.1_NC_008095.1_4822;NC_008095.1_NC_008095.1_4823;NC_008095.1_NC_008095.1_4824;NC_008095.1_NC_008095.1_4825;NC_008095.1_NC_008095.1_4826;NC_008095.1_NC_008095.1_4827;NC_008095.1_NC_008095.1_4828;NC_008095.1_NC_008095.1_4829;NC_008095.1_NC_008095.1_4830;NC_008095.1_NC_008095.1_4831;NC_008095.1_NC_008095.1_4832;NC_008095.1_NC_008095.1_4833;NC_008095.1_NC_008095.1_4834;NC_008095.1_NC_008095.1_4835;NC_008095.1_NC_008095.1_4836;NC_008095.1_NC_008095.1_4837;NC_008095.1_NC_008095.1_4838;NC_008095.1_NC_008095.1_4839;NC_008095.1_NC_008095.1_4840;NC_008095.1_NC_008095.1_4841;NC_008095.1_NC_008095.1_4842;NC_008095.1_NC_008095.1_4843;NC_008095.1_NC_008095.1_4844;NC_008095.1_NC_008095.1_4845;NC_008095.1_NC_008095.1_4846;NC_008095.1_NC_008095.1_4847;NC_008095.1_NC_008095.1_4848;NC_008095.1_NC_008095.1_4849;NC_008095.1_NC_008095.1_4850;NC_008095.1_NC_008095.1_4851;NC_008095.1_NC_008095.1_4852	PF01593;PF01266;PF08241;PF01494;PF00067;PF00561;PF04055	PF00754;PF00754;PF01609;PF13359;PF13586;PF13358;PF00665;PF13565;PF13551;PF13518;PF13384;PF00067;PF00754;PF13489;PF13847;PF05175;PF01170;PF03602;PF13649;PF06325;PF08241;PF12847;PF13679;PF04366;PF04366;PF01593;PF13450;PF12831;PF01262;PF07992;PF03486;PF01946;PF00890;PF01266;PF01494;PF02624;PF12697;PF00561;PF00756;PF00326;PF00561;PF16929;PF04885;PF12662;PF06247;PF12947;PF07645;PF14670;PF00008;PF12661;PF13948;PF00561;PF06314;PF00732;PF07992;PF01266;PF00890;PF01494;PF13450;PF05199;PF00149;PF04055;PF04226;PF16036;PF00266;PF07638;PF04542;PF08281;PF04545;PF12802;PF13412;PF13404;PF00656;PF13620;PF01683;PF00801;PF09836;PF05114
NC_008095.1	deepbgc	0.1.0	deepbgc	NC_008095.1_6574128-6577712.1	6574128	6577712	3584	2	11	0	0.55488	antibacterial	0.70	0.04	0.14	0.07	RiPP	0.00	0.02	0.13	0.01	0.84	0.00	0.00	NC_008095.1_NC_008095.1_5170;NC_008095.1_NC_008095.1_5171		PF00664;PF00005;PF13555;PF13191;PF13604;PF02463;PF00664;PF00005;PF13555;PF13191;PF02463
NC_008095.1	deepbgc	0.1.0	deepbgc	NC_008095.1_6591592-6592675.1	6591592	6592675	1083	1	1	0	0.56835	antibacterial	0.87	0.06	0.17	0.26		0.00	0.08	0.05	0.32	0.21	0.07	0.32	NC_008095.1_NC_008095.1_5182		PF13229
NC_008095.1	deepbgc	0.1.0	deepbgc	NC_008095.1_6632090-6634458.1	6632090	6634458	2368	2	6	2	0.62567	antibacterial	0.73	0.25	0.15	0.31	Polyketide	0.01	0.12	0.04	0.67	0.06	0.29	0.05	NC_008095.1_NC_008095.1_5215;NC_008095.1_NC_008095.1_5216	PF01370;PF04321	PF02333;PF04321;PF01370;PF16363;PF05368;PF13460
NC_008095.1	deepbgc	0.1.0	deepbgc	NC_008095.1_6638571-6647863.1	6638571	6647863	9292	6	8	2	0.66988	antibacterial	0.67	0.19	0.16	0.19	Saccharide	0.00	0.02	0.09	0.03	0.03	0.80	0.04	NC_008095.1_NC_008095.1_5222;NC_008095.1_NC_008095.1_5223;NC_008095.1_NC_008095.1_5224;NC_008095.1_NC_008095.1_5225;NC_008095.1_NC_008095.1_5226;NC_008095.1_NC_008095.1_5227	PF00534;PF00535	PF00534;PF13692;PF13579;PF13641;PF10111;PF00535;PF07992;PF00300
NC_008095.1	deepbgc	0.1.0	deepbgc	NC_008095.1_6683460-6688892.1	6683460	6688892	5432	4	22	9	0.62094		0.24	0.44	0.21	0.12	Polyketide	0.00	0.14	0.29	0.53	0.02	0.00	0.13	NC_008095.1_NC_008095.1_5258;NC_008095.1_NC_008095.1_5259;NC_008095.1_NC_008095.1_5260;NC_008095.1_NC_008095.1_5261	PF00378;PF02803;PF08241;PF08242;PF00108;PF08545;PF00109;PF02737;PF00725	PF02353;PF13489;PF13847;PF05401;PF08241;PF08242;PF13649;PF13578;PF02527;PF05175;PF12847;PF04188;PF13231;PF00725;PF02737;PF00378;PF16113;PF02803;PF00108;PF00109;PF08545;PF07451
NC_008095.1	deepbgc	0.1.0	deepbgc	NC_008095.1_7382576-7384524.1	7382576	7384524	1948	2	2	0	0.53940	antibacterial	0.87	0.06	0.17	0.26	Saccharide-Terpene	0.00	0.02	0.03	0.13	0.08	0.66	0.76	NC_008095.1_NC_008095.1_5835;NC_008095.1_NC_008095.1_5836		PF11899;PF00487
NC_008095.1	deepbgc	0.1.0	deepbgc	NC_008095.1_7385579-7386644.1	7385579	7386644	1065	1	2	0	0.55891	antibacterial	0.76	0.04	0.15	0.43	Polyketide	0.01	0.00	0.04	0.90	0.00	0.01	0.05	NC_008095.1_NC_008095.1_5838		PF05977;PF07690
NC_008095.1	deepbgc	0.1.0	deepbgc	NC_008095.1_7429395-7433989.1	7429395	7433989	4594	5	19	3	0.63188		0.40	0.34	0.19	0.06	RiPP	0.00	0.15	0.13	0.08	0.60	0.01	0.03	NC_008095.1_NC_008095.1_5877;NC_008095.1_NC_008095.1_5878;NC_008095.1_NC_008095.1_5879;NC_008095.1_NC_008095.1_5880;NC_008095.1_NC_008095.1_5881	PF00561;PF08241;PF08242	PF06182;PF12698;PF01061;PF13304;PF00005;PF13555;PF09243;PF13489;PF06325;PF05175;PF10294;PF13847;PF13649;PF08241;PF08242;PF00561;PF12697;PF12146;PF08386
NC_008095.1	deepbgc	0.1.0	deepbgc	NC_008095.1_7706772-7707588.1	7706772	7707588	816	1	4	1	0.51921	antibacterial	0.63	0.24	0.19	0.15		0.04	0.04	0.34	0.16	0.32	0.01	0.10	NC_008095.1_NC_008095.1_6110	PF08242	PF01135;PF01564;PF13649;PF08242
NC_008095.1	deepbgc	0.1.0	deepbgc	NC_008095.1_7848519-7849907.1	7848519	7849907	1388	2	3	0	0.60111	antibacterial	0.61	0.05	0.12	0.17	NRP	0.00	0.60	0.26	0.05	0.03	0.00	0.07	NC_008095.1_NC_008095.1_6229;NC_008095.1_NC_008095.1_6230		PF04116;PF00440;PF14514
NC_008095.1	deepbgc	0.1.0	deepbgc	NC_008095.1_7854097-7856025.1	7854097	7856025	1928	2	3	2	0.54137	antibacterial	0.91	0.01	0.05	0.07		0.00	0.28	0.22	0.50	0.00	0.00	0.00	NC_008095.1_NC_008095.1_6235;NC_008095.1_NC_008095.1_6236	PF00501;PF00903	PF00501;PF13193;PF00903
NC_008095.1	deepbgc	0.1.0	deepbgc	NC_008095.1_7863379-7885426.1	7863379	7885426	22047	23	52	10	0.78940		0.47	0.26	0.18	0.13	Polyketide	0.00	0.18	0.21	0.54	0.14	0.02	0.03	NC_008095.1_NC_008095.1_6242;NC_008095.1_NC_008095.1_6243;NC_008095.1_NC_008095.1_6244;NC_008095.1_NC_008095.1_6245;NC_008095.1_NC_008095.1_6246;NC_008095.1_NC_008095.1_6247;NC_008095.1_NC_008095.1_6248;NC_008095.1_NC_008095.1_6249;NC_008095.1_NC_008095.1_6250;NC_008095.1_NC_008095.1_6251;NC_008095.1_NC_008095.1_6252;NC_008095.1_NC_008095.1_6253;NC_008095.1_NC_008095.1_6254;NC_008095.1_NC_008095.1_6255;NC_008095.1_NC_008095.1_6256;NC_008095.1_NC_008095.1_6257;NC_008095.1_NC_008095.1_6258;NC_008095.1_NC_008095.1_6259;NC_008095.1_NC_008095.1_6260;NC_008095.1_NC_008095.1_6261;NC_008095.1_NC_008095.1_6262;NC_008095.1_NC_008095.1_6263;NC_008095.1_NC_008095.1_6264	PF02803;PF05147;PF00108;PF08545;PF00109;PF00561;PF03061;PF02801;PF00106;PF08659	PF16697;PF00498;PF00149;PF12850;PF00596;PF01008;PF01048;PF00561;PF08386;PF01738;PF12697;PF12146;PF13575;PF05147;PF07394;PF00550;PF07977;PF03061;PF01575;PF00753;PF13483;PF12706;PF00109;PF00108;PF02801;PF00109;PF13723;PF08545;PF02801;PF07977;PF03061;PF00106;PF08659;PF13561;PF00106;PF08659;PF13561;PF00109;PF00108;PF02801;PF02803;PF00109;PF02801;PF00005;PF13555;PF13191;PF03193;PF02463;PF13304;PF12704;PF02687;PF17131
NC_008095.1	deepbgc	0.1.0	deepbgc	NC_008095.1_8156235-8171345.1	8156235	8171345	15110	13	37	10	0.77461		0.42	0.44	0.15	0.15		0.05	0.19	0.23	0.44	0.01	0.04	0.15	NC_008095.1_NC_008095.1_6481;NC_008095.1_NC_008095.1_6482;NC_008095.1_NC_008095.1_6483;NC_008095.1_NC_008095.1_6484;NC_008095.1_NC_008095.1_6485;NC_008095.1_NC_008095.1_6486;NC_008095.1_NC_008095.1_6487;NC_008095.1_NC_008095.1_6488;NC_008095.1_NC_008095.1_6489;NC_008095.1_NC_008095.1_6490;NC_008095.1_NC_008095.1_6491;NC_008095.1_NC_008095.1_6492;NC_008095.1_NC_008095.1_6493	PF01266;PF08242;PF01494;PF00702;PF08541;PF08545;PF00891;PF00501;PF00106;PF08659	PF16864;PF12840;PF00891;PF13489;PF13649;PF08242;PF12710;PF00702;PF01040;PF01565;PF00106;PF08659;PF13561;PF07681;PF13564;PF12706;PF13483;PF01494;PF01266;PF01946;PF03486;PF07992;PF05834;PF00890;PF13738;PF12831;PF00501;PF00550;PF04191;PF04140;PF08541;PF02797;PF08545;PF00195;PF08392;PF14064;PF05887
NC_008095.1	deepbgc	0.1.0	deepbgc	NC_008095.1_8189660-8193278.1	8189660	8193278	3618	4	12	0	0.66469	antibacterial	0.86	0.12	0.03	0.09	RiPP	0.00	0.05	0.01	0.02	0.91	0.01	0.00	NC_008095.1_NC_008095.1_6514;NC_008095.1_NC_008095.1_6515;NC_008095.1_NC_008095.1_6516;NC_008095.1_NC_008095.1_6517		PF13604;PF13304;PF00005;PF13555;PF13175;PF12399;PF00005;PF13555;PF13304;PF13476;PF02653;PF02653
NC_008095.1	deepbgc	0.1.0	deepbgc	NC_008095.1_8379693-8381235.1	8379693	8381235	1542	1	4	1	0.50473	antibacterial	0.70	0.05	0.11	0.35	NRP	0.00	0.52	0.12	0.21	0.07	0.02	0.07	NC_008095.1_NC_008095.1_6678	PF00561	PF08386;PF00561;PF12697;PF12146
NC_008095.1	deepbgc	0.1.0	deepbgc	NC_008095.1_8431906-8440961.1	8431906	8440961	9055	9	25	3	0.73285		0.27	0.36	0.29	0.06		0.06	0.18	0.35	0.17	0.14	0.00	0.11	NC_008095.1_NC_008095.1_6729;NC_008095.1_NC_008095.1_6730;NC_008095.1_NC_008095.1_6731;NC_008095.1_NC_008095.1_6732;NC_008095.1_NC_008095.1_6733;NC_008095.1_NC_008095.1_6734;NC_008095.1_NC_008095.1_6735;NC_008095.1_NC_008095.1_6736;NC_008095.1_NC_008095.1_6737	PF00561;PF08241;PF08242	PF10017;PF13489;PF05401;PF01209;PF05175;PF13847;PF02353;PF08241;PF08242;PF13649;PF01272;PF01738;PF12146;PF12740;PF12697;PF00561;PF01764;PF06259;PF13620;PF04893;PF07690;PF13387;PF11220;PF00196;PF08281
NC_008095.1	deepbgc	0.1.0	deepbgc	NC_008095.1_8698765-8708022.1	8698765	8708022	9257	8	8	0	0.60178	antibacterial	0.78	0.07	0.25	0.24		0.01	0.09	0.05	0.40	0.16	0.03	0.31	NC_008095.1_NC_008095.1_6971;NC_008095.1_NC_008095.1_6972;NC_008095.1_NC_008095.1_6973;NC_008095.1_NC_008095.1_6974;NC_008095.1_NC_008095.1_6975;NC_008095.1_NC_008095.1_6976;NC_008095.1_NC_008095.1_6977;NC_008095.1_NC_008095.1_6978		PF03321;PF07593;PF13517;PF01839;PF03116;PF15575;PF09937;PF13665
NC_008095.1	deepbgc	0.1.0	deepbgc	NC_008095.1_8872972-8879829.1	8872972	8879829	6857	6	6	1	0.62927		0.34	0.04	0.24	0.16		0.00	0.07	0.22	0.22	0.29	0.03	0.22	NC_008095.1_NC_008095.1_7109;NC_008095.1_NC_008095.1_7110;NC_008095.1_NC_008095.1_7111;NC_008095.1_NC_008095.1_7112;NC_008095.1_NC_008095.1_7113;NC_008095.1_NC_008095.1_7114	PF01636	PF09544;PF00069;PF07714;PF01636;PF01594;PF04434
NC_008095.1	deepbgc	0.1.0	deepbgc	NC_008095.1_8888370-8888997.1	8888370	8888997	627	1	1	0	0.50909	antibacterial	0.87	0.06	0.17	0.26		0.00	0.09	0.07	0.33	0.21	0.03	0.32	NC_008095.1_NC_008095.1_7118		PF09559
NC_008095.1	deepbgc	0.1.0	deepbgc	NC_008095.1_8890463-8917628.1	8890463	8917628	27165	23	29	1	0.84241	antibacterial	0.75	0.07	0.07	0.14	Terpene	0.02	0.04	0.15	0.34	0.10	0.18	0.54	NC_008095.1_NC_008095.1_7121;NC_008095.1_NC_008095.1_7122;NC_008095.1_NC_008095.1_7123;NC_008095.1_NC_008095.1_7124;NC_008095.1_NC_008095.1_7125;NC_008095.1_NC_008095.1_7126;NC_008095.1_NC_008095.1_7127;NC_008095.1_NC_008095.1_7128;NC_008095.1_NC_008095.1_7129;NC_008095.1_NC_008095.1_7130;NC_008095.1_NC_008095.1_7131;NC_008095.1_NC_008095.1_7132;NC_008095.1_NC_008095.1_7133;NC_008095.1_NC_008095.1_7134;NC_008095.1_NC_008095.1_7135;NC_008095.1_NC_008095.1_7136;NC_008095.1_NC_008095.1_7137;NC_008095.1_NC_008095.1_7138;NC_008095.1_NC_008095.1_7139;NC_008095.1_NC_008095.1_7140;NC_008095.1_NC_008095.1_7141;NC_008095.1_NC_008095.1_7142;NC_008095.1_NC_008095.1_7143	PF00067	PF03787;PF09700;PF12469;PF03787;PF14464;PF00899;PF14457;PF12770;PF13432;PF13490;PF07638;PF04545;PF08281;PF00196;PF13412;PF13384;PF13936;PF04542;PF12770;PF01909;PF00528;PF00528;PF13416;PF01547;PF11964;PF11964;PF00067;PF00487;PF16138
NC_008095.1	deepbgc	0.1.0	deepbgc	NC_008095.1_9025482-9034875.1	9025482	9034875	9393	11	10	0	0.63995	antibacterial	0.81	0.08	0.20	0.26		0.05	0.09	0.07	0.33	0.20	0.03	0.28	NC_008095.1_NC_008095.1_7236;NC_008095.1_NC_008095.1_7237;NC_008095.1_NC_008095.1_7238;NC_008095.1_NC_008095.1_7239;NC_008095.1_NC_008095.1_7240;NC_008095.1_NC_008095.1_7241;NC_008095.1_NC_008095.1_7242;NC_008095.1_NC_008095.1_7243;NC_008095.1_NC_008095.1_7244;NC_008095.1_NC_008095.1_7245;NC_008095.1_NC_008095.1_7246		PF03301;PF01814;PF01619;PF00723;PF13505;PF09536;PF12823;PF06197;PF09535;PF09533
NC_008095.1	deepbgc	0.1.0	deepbgc	NC_008095.1_9046172-9048887.1	9046172	9048887	2715	4	7	1	0.56881	antibacterial	0.80	0.05	0.20	0.24	Saccharide	0.00	0.05	0.01	0.08	0.05	0.75	0.06	NC_008095.1_NC_008095.1_7257;NC_008095.1_NC_008095.1_7258;NC_008095.1_NC_008095.1_7259;NC_008095.1_NC_008095.1_7260	PF00535	PF13641;PF00535;PF13704;PF13506;PF13632;PF13338;PF09543
