contig_id,Alkaloid,NRP,Other,Polyketide,RiPP,Saccharide,Terpene
BGC0000001.1,0,0,0,1,0,0,0
BGC0000002.1,0,0,0,1,0,0,0
BGC0000003.1,0,0,0,1,0,0,0
BGC0000004.1,0,0,0,1,0,0,0
BGC0000005.1,0,0,0,1,0,0,0
BGC0000006.1,0,0,0,1,0,0,0
BGC0000007.1,0,0,0,1,0,0,0
BGC0000008.1,0,0,0,1,0,0,0
BGC0000009.1,0,0,0,1,0,0,0
BGC0000010.1,0,0,0,1,0,0,0
BGC0000011.1,0,0,0,1,0,0,0
BGC0000012.1,0,0,0,1,0,0,0
BGC0000013.1,0,0,0,1,0,0,0
BGC0000014.1,0,0,0,1,0,0,0
BGC0000015.1,0,0,0,1,0,0,0
BGC0000015.2,0,0,0,1,0,0,0
BGC0000016.1,0,0,1,0,0,0,0
BGC0000017.1,1,0,0,1,0,0,0
BGC0000018.1,0,0,0,1,0,0,0
BGC0000019.1,0,0,0,1,0,0,0
BGC0000020.1,0,0,0,1,0,0,0
BGC0000021.1,0,0,0,1,0,0,0
BGC0000022.1,0,0,0,1,0,0,0
BGC0000023.1,0,0,0,1,0,0,0
BGC0000024.1,0,0,0,1,0,0,0
BGC0000025.1,0,0,0,1,0,0,0
BGC0000026.1,0,0,0,0,0,1,0
BGC0000027.1,0,0,0,1,0,0,0
BGC0000028.1,0,0,0,1,0,0,0
BGC0000029.1,0,0,0,1,0,0,0
BGC0000030.1,0,0,0,1,0,0,0
BGC0000031.1,0,0,0,1,0,0,0
BGC0000032.1,0,0,0,1,0,0,0
BGC0000033.1,0,0,0,1,0,0,0
BGC0000034.1,0,0,0,1,0,0,0
BGC0000035.1,0,0,0,1,0,0,0
BGC0000036.1,0,0,0,1,0,1,0
BGC0000037.1,0,0,0,1,0,0,0
BGC0000038.1,0,0,0,1,0,0,0
BGC0000039.1,0,0,0,1,0,0,0
BGC0000040.1,0,0,0,1,0,0,0
BGC0000041.1,0,0,0,1,0,0,0
BGC0000042.1,0,0,0,1,0,0,0
BGC0000043.1,0,0,0,1,0,0,0
BGC0000044.1,0,0,0,1,0,0,0
BGC0000045.1,0,0,0,1,0,0,0
BGC0000046.1,0,0,0,1,0,0,0
BGC0000047.1,0,0,0,1,0,0,0
BGC0000048.1,0,0,0,1,0,0,0
BGC0000049.1,0,0,0,1,0,0,0
BGC0000049.2,0,0,0,1,0,0,0
BGC0000050.1,0,0,0,1,0,0,0
BGC0000051.1,0,0,0,1,0,0,0
BGC0000052.1,0,0,0,1,0,0,0
BGC0000053.1,0,0,0,1,0,0,0
BGC0000054.1,0,0,0,1,0,0,0
BGC0000055.1,0,0,0,1,0,1,0
BGC0000056.1,0,0,0,1,0,0,0
BGC0000057.1,0,0,0,1,0,0,0
BGC0000058.1,0,0,0,1,0,0,0
BGC0000059.1,0,0,0,1,0,0,0
BGC0000060.1,0,0,0,1,0,0,0
BGC0000061.1,0,0,0,1,0,0,0
BGC0000062.1,0,0,0,1,0,0,0
BGC0000063.1,0,0,0,1,0,0,0
BGC0000064.1,0,0,0,1,0,0,0
BGC0000065.1,0,0,0,1,0,0,0
BGC0000066.1,0,0,0,1,0,0,0
BGC0000067.1,0,0,0,1,0,0,0
BGC0000068.1,0,0,0,1,0,0,0
BGC0000069.1,0,0,0,1,0,0,0
BGC0000070.1,0,0,0,1,0,0,0
BGC0000072.1,0,0,0,1,0,0,0
BGC0000073.1,0,0,0,1,0,0,0
BGC0000074.1,0,0,0,1,0,0,0
BGC0000075.1,0,0,0,1,0,0,0
BGC0000076.1,0,0,0,1,0,0,0
BGC0000077.1,0,0,0,1,0,0,0
BGC0000078.1,0,0,0,1,0,0,0
BGC0000079.1,0,0,0,1,0,0,0
BGC0000080.1,0,0,0,1,0,0,0
BGC0000081.1,0,0,0,1,0,0,0
BGC0000082.1,0,0,0,1,0,0,0
BGC0000083.1,0,0,0,1,0,0,0
BGC0000084.1,0,0,0,1,0,0,0
BGC0000085.1,0,0,0,1,0,0,0
BGC0000086.1,0,0,0,1,0,0,0
BGC0000087.1,0,0,0,1,0,0,0
BGC0000088.1,0,0,0,1,0,0,0
BGC0000089.1,0,0,0,1,0,0,0
BGC0000090.1,0,0,0,1,0,0,0
BGC0000091.1,0,0,0,1,0,0,0
BGC0000092.1,0,0,0,1,0,0,0
BGC0000093.1,0,0,0,1,0,0,0
BGC0000094.1,0,0,0,1,0,1,0
BGC0000095.1,0,0,0,1,0,0,0
BGC0000095.2,0,0,0,1,0,0,0
BGC0000095.3,0,0,0,1,0,0,0
BGC0000095.4,0,0,0,1,0,0,0
BGC0000095.5,0,0,0,1,0,0,0
BGC0000095.6,0,0,0,1,0,0,0
BGC0000095.7,0,0,0,1,0,0,0
BGC0000095.8,0,0,0,1,0,0,0
BGC0000095.9,0,0,0,1,0,0,0
BGC0000095.10,0,0,0,1,0,0,0
BGC0000095.11,0,0,0,1,0,0,0
BGC0000095.12,0,0,0,1,0,0,0
BGC0000095.13,0,0,0,1,0,0,0
BGC0000095.14,0,0,0,1,0,0,0
BGC0000095.15,0,0,0,1,0,0,0
BGC0000096.1,0,0,0,1,0,0,0
BGC0000097.1,0,0,0,1,0,0,0
BGC0000098.1,0,0,0,1,0,0,0
BGC0000099.1,0,0,0,1,0,0,0
BGC0000100.1,0,0,0,1,0,0,0
BGC0000101.1,0,0,0,1,0,0,0
BGC0000102.1,0,0,0,1,0,0,0
BGC0000103.1,0,0,0,1,0,0,0
BGC0000104.1,0,0,0,1,0,0,1
BGC0000105.1,0,0,0,1,0,0,0
BGC0000106.1,0,0,0,1,0,0,0
BGC0000107.1,0,0,0,1,0,0,0
BGC0000108.1,0,0,0,1,0,0,0
BGC0000109.1,0,0,0,1,0,0,0
BGC0000110.1,0,0,0,1,0,0,0
BGC0000111.1,0,0,0,1,0,0,0
BGC0000112.1,0,0,0,1,0,0,0
BGC0000113.1,0,0,0,1,0,0,0
BGC0000114.1,0,0,0,1,0,0,0
BGC0000115.1,0,0,0,1,0,1,0
BGC0000116.1,0,0,0,1,0,0,0
BGC0000117.1,0,0,0,1,0,0,0
BGC0000118.1,0,0,0,1,0,0,0
BGC0000119.1,0,0,1,1,0,1,0
BGC0000120.1,0,0,0,1,0,0,0
BGC0000121.1,0,0,0,1,0,0,0
BGC0000122.1,0,0,0,1,0,0,0
BGC0000123.1,0,0,0,1,0,0,0
BGC0000124.1,0,0,0,1,0,0,0
BGC0000125.1,0,0,0,1,0,0,0
BGC0000126.1,0,0,0,1,0,0,0
BGC0000127.1,0,0,0,1,0,0,0
BGC0000128.1,0,0,0,1,0,0,0
BGC0000129.1,0,0,0,1,0,0,0
BGC0000130.1,0,0,0,1,0,0,0
BGC0000131.1,0,0,0,1,0,0,0
BGC0000132.1,0,0,0,1,0,0,0
BGC0000133.1,0,0,0,1,0,0,0
BGC0000134.1,0,0,0,1,0,0,0
BGC0000135.1,0,0,0,1,0,0,0
BGC0000136.1,0,0,0,1,0,0,0
BGC0000137.1,0,0,0,1,0,0,0
BGC0000138.1,0,0,0,1,0,0,0
BGC0000140.1,0,0,0,1,0,0,0
BGC0000141.1,0,0,0,1,0,0,0
BGC0000142.1,0,0,0,1,0,0,0
BGC0000143.1,0,0,0,1,0,0,0
BGC0000144.1,0,0,0,1,0,0,0
BGC0000145.1,0,0,0,1,0,0,0
BGC0000146.1,0,0,0,1,0,0,0
BGC0000147.1,0,0,0,1,0,0,0
BGC0000148.1,0,0,0,1,0,0,0
BGC0000149.1,0,0,0,1,0,0,0
BGC0000150.1,0,1,0,1,0,0,0
BGC0000151.1,0,0,0,1,0,1,0
BGC0000152.1,0,0,0,1,0,0,0
BGC0000153.1,0,1,0,1,0,0,0
BGC0000154.1,0,0,0,1,0,0,0
BGC0000155.1,0,0,0,1,0,0,0
BGC0000155.2,0,0,0,1,0,0,0
BGC0000155.3,0,0,0,1,0,0,0
BGC0000155.4,0,0,0,1,0,0,0
BGC0000156.1,0,0,0,1,0,0,0
BGC0000157.1,0,0,0,1,0,0,0
BGC0000158.1,0,0,0,1,0,0,0
BGC0000159.1,0,0,0,1,0,0,0
BGC0000160.1,0,0,0,1,0,0,0
BGC0000161.1,0,0,0,1,0,0,0
BGC0000162.1,0,0,0,1,0,0,0
BGC0000163.1,0,0,0,1,0,0,0
BGC0000164.1,0,0,0,1,0,0,0
BGC0000165.1,0,0,0,1,0,0,0
BGC0000166.1,0,0,0,1,0,0,0
BGC0000167.1,0,0,0,1,0,0,0
BGC0000168.1,0,0,0,1,0,0,0
BGC0000170.1,0,0,0,1,0,0,0
BGC0000171.1,0,0,0,1,0,0,0
BGC0000172.1,0,0,0,1,0,0,0
BGC0000173.1,0,0,0,1,0,0,0
BGC0000174.1,0,0,0,1,0,0,0
BGC0000175.1,0,0,0,1,0,0,0
BGC0000176.1,0,0,1,0,0,0,0
BGC0000177.1,0,0,0,1,0,0,0
BGC0000178.1,0,0,0,1,0,0,0
BGC0000179.1,0,0,0,1,0,0,0
BGC0000180.1,0,0,0,1,0,0,0
BGC0000181.1,0,0,1,0,0,0,0
BGC0000182.1,0,0,0,1,0,0,0
BGC0000183.1,0,0,0,1,0,0,0
BGC0000183.2,0,0,0,1,0,0,0
BGC0000183.3,0,0,0,1,0,0,0
BGC0000183.4,0,0,0,1,0,0,0
BGC0000184.1,0,0,0,1,0,0,0
BGC0000185.1,0,0,0,1,0,0,0
BGC0000186.1,0,1,0,1,0,0,0
BGC0000187.1,0,0,0,1,0,0,0
BGC0000188.1,1,0,0,0,0,0,0
BGC0000189.1,0,0,0,1,0,0,0
BGC0000190.1,0,0,0,1,0,0,0
BGC0000191.1,0,0,0,1,0,0,0
BGC0000192.1,0,0,0,1,0,0,0
BGC0000193.1,0,0,0,1,0,0,0
BGC0000194.1,0,0,0,1,0,0,0
BGC0000195.1,0,0,0,1,0,0,0
BGC0000196.1,0,0,0,1,0,0,0
BGC0000197.1,0,0,0,1,0,1,0
BGC0000198.1,0,0,0,1,0,1,0
BGC0000199.1,0,0,0,1,0,1,0
BGC0000200.1,0,0,0,1,0,1,0
BGC0000201.1,0,0,0,1,0,1,0
BGC0000202.1,0,0,0,1,0,0,0
BGC0000203.1,0,0,0,1,0,0,0
BGC0000204.1,0,0,0,1,0,0,0
BGC0000205.1,0,0,0,1,0,0,0
BGC0000206.1,0,0,0,1,0,0,0
BGC0000206.2,0,0,0,1,0,0,0
BGC0000207.1,0,0,0,1,0,0,0
BGC0000208.1,0,0,0,1,0,0,0
BGC0000209.1,0,0,0,1,0,0,0
BGC0000210.1,0,0,0,1,0,1,0
BGC0000211.1,0,0,0,1,0,0,0
BGC0000212.1,0,0,0,1,0,0,0
BGC0000213.1,0,0,0,1,0,0,0
BGC0000214.1,0,0,0,1,0,0,0
BGC0000215.1,0,0,0,1,0,0,0
BGC0000216.1,0,0,0,1,0,0,0
BGC0000217.1,0,0,0,1,0,0,0
BGC0000218.1,0,0,0,1,0,0,0
BGC0000219.1,0,0,0,1,0,1,0
BGC0000220.1,0,0,0,1,0,0,0
BGC0000221.1,0,0,0,1,0,0,0
BGC0000222.1,0,0,0,1,0,0,0
BGC0000223.1,0,0,0,1,0,0,0
BGC0000224.1,0,0,0,1,0,0,0
BGC0000225.1,0,0,0,1,0,0,0
BGC0000226.1,0,0,0,1,0,0,0
BGC0000227.1,0,0,0,1,0,0,0
BGC0000228.1,0,0,0,1,0,0,0
BGC0000229.1,0,0,0,1,0,1,0
BGC0000230.1,0,0,0,1,0,0,0
BGC0000231.1,0,0,0,1,0,0,0
BGC0000232.1,0,0,0,1,0,0,0
BGC0000233.1,0,0,0,1,0,0,0
BGC0000234.1,0,0,0,1,0,0,0
BGC0000235.1,0,0,0,1,0,0,0
BGC0000236.1,0,0,0,1,0,0,0
BGC0000237.1,0,0,0,1,0,0,0
BGC0000238.1,0,0,0,1,0,0,0
BGC0000239.1,0,0,0,1,0,1,0
BGC0000240.1,0,0,0,1,0,1,0
BGC0000241.1,0,0,0,1,0,1,0
BGC0000242.1,0,0,0,1,0,0,0
BGC0000243.1,0,0,0,1,0,0,0
BGC0000244.1,0,0,0,1,0,0,0
BGC0000245.1,0,0,0,1,0,0,0
BGC0000246.1,0,0,0,1,0,0,0
BGC0000247.1,0,0,0,1,0,1,0
BGC0000248.1,0,0,0,1,0,0,0
BGC0000249.1,0,0,0,1,0,0,0
BGC0000250.1,0,0,0,1,0,1,0
BGC0000250.2,0,0,0,1,0,1,0
BGC0000251.1,0,0,0,1,0,0,0
BGC0000252.1,0,0,0,1,0,0,0
BGC0000253.1,0,0,0,1,0,0,0
BGC0000254.1,0,0,0,1,0,0,0
BGC0000255.1,0,0,0,1,0,0,0
BGC0000256.1,0,0,0,1,0,0,0
BGC0000257.1,0,0,0,1,0,0,0
BGC0000258.1,0,0,0,1,0,0,0
BGC0000259.1,0,0,0,1,0,0,0
BGC0000260.1,0,0,0,1,0,0,0
BGC0000261.1,0,0,0,1,0,0,0
BGC0000262.1,0,0,0,1,0,1,0
BGC0000263.1,0,0,0,1,0,0,0
BGC0000264.1,0,0,0,1,0,0,0
BGC0000265.1,0,0,0,1,0,0,0
BGC0000266.1,0,0,0,1,0,0,0
BGC0000267.1,0,0,0,1,0,1,0
BGC0000268.1,0,0,0,1,0,0,0
BGC0000269.1,0,0,1,1,0,1,0
BGC0000270.1,0,0,0,1,0,0,0
BGC0000271.1,0,0,0,1,0,0,0
BGC0000272.1,0,0,0,1,0,0,0
BGC0000273.1,0,0,0,1,0,1,0
BGC0000274.1,0,0,0,1,0,0,0
BGC0000275.1,0,0,0,1,0,0,0
BGC0000276.1,0,0,0,1,0,1,0
BGC0000276.2,0,0,0,1,0,1,0
BGC0000276.3,0,0,0,1,0,1,0
BGC0000276.4,0,0,0,1,0,1,0
BGC0000277.1,0,0,0,1,0,0,0
BGC0000278.1,0,0,0,1,0,0,0
BGC0000279.1,0,0,0,1,0,0,0
BGC0000280.1,0,0,0,1,0,0,0
BGC0000281.1,0,0,0,1,0,0,0
BGC0000282.1,0,0,0,1,0,0,0
BGC0000283.1,0,0,1,0,0,0,0
BGC0000284.1,0,0,0,1,0,0,0
BGC0000285.1,0,0,0,1,0,1,0
BGC0000286.1,0,0,0,1,0,0,0
BGC0000287.1,0,1,0,0,0,0,0
BGC0000288.1,0,1,0,0,0,0,0
BGC0000289.1,0,1,0,0,0,1,0
BGC0000290.1,0,1,0,0,0,0,0
BGC0000291.1,0,1,0,0,0,0,0
BGC0000292.1,0,1,0,0,0,0,0
BGC0000293.1,0,1,0,0,0,0,0
BGC0000294.1,0,1,0,0,0,0,0
BGC0000295.1,0,1,0,0,0,0,0
BGC0000296.1,0,1,0,0,0,0,0
BGC0000297.1,0,1,0,1,0,1,0
BGC0000298.1,0,1,0,0,0,0,0
BGC0000299.1,0,1,0,0,0,0,0
BGC0000300.1,0,1,0,0,0,0,0
BGC0000301.1,0,1,0,0,0,0,0
BGC0000302.1,0,1,0,0,0,0,0
BGC0000303.1,0,1,0,0,0,0,0
BGC0000304.1,0,1,0,0,0,0,0
BGC0000305.1,0,1,0,0,0,0,0
BGC0000306.1,0,1,0,0,0,0,0
BGC0000307.1,0,1,0,0,0,0,0
BGC0000308.1,0,1,0,0,0,0,0
BGC0000309.1,0,1,0,0,0,0,0
BGC0000310.1,0,1,0,0,0,0,0
BGC0000311.1,0,1,0,0,0,0,0
BGC0000312.1,0,1,0,0,0,0,0
BGC0000313.1,0,1,0,0,0,0,0
BGC0000314.1,0,1,0,1,0,0,0
BGC0000315.1,0,1,0,0,0,0,0
BGC0000316.1,0,1,0,0,0,0,0
BGC0000317.1,0,1,0,0,0,0,0
BGC0000318.1,0,1,0,0,0,0,0
BGC0000319.1,0,1,0,0,0,0,0
BGC0000320.1,0,1,0,0,0,0,0
BGC0000321.1,0,1,0,0,0,0,0
BGC0000322.1,0,1,0,0,0,0,0
BGC0000322.2,0,1,0,0,0,0,0
BGC0000323.1,0,1,0,0,0,0,0
BGC0000324.1,0,1,0,0,0,0,0
BGC0000325.1,0,1,0,0,0,0,0
BGC0000326.1,0,1,0,0,0,0,0
BGC0000327.1,0,1,0,0,0,0,0
BGC0000328.1,0,1,0,0,0,0,0
BGC0000329.1,0,1,0,0,0,0,0
BGC0000330.1,0,1,0,0,0,0,0
BGC0000331.1,0,1,0,0,0,0,0
BGC0000332.1,0,1,0,0,0,0,0
BGC0000333.1,0,1,0,0,0,0,0
BGC0000334.1,0,1,0,0,0,0,0
BGC0000335.1,0,1,0,0,0,0,0
BGC0000336.1,0,1,0,0,0,0,0
BGC0000337.1,0,1,0,0,0,0,0
BGC0000338.1,0,1,0,0,0,0,0
BGC0000338.2,0,1,0,0,0,0,0
BGC0000339.1,0,1,0,0,0,0,0
BGC0000340.1,0,1,0,0,0,0,0
BGC0000341.1,0,1,0,0,0,0,0
BGC0000342.1,0,1,0,0,0,0,0
BGC0000343.1,0,1,0,0,0,0,0
BGC0000344.1,0,1,0,0,0,0,0
BGC0000345.1,0,1,0,1,0,0,0
BGC0000346.1,0,1,0,1,0,0,0
BGC0000347.1,0,1,0,0,0,0,0
BGC0000348.1,0,1,0,0,0,0,0
BGC0000349.1,0,1,0,0,0,0,0
BGC0000350.1,0,1,0,0,0,0,0
BGC0000351.1,0,1,0,0,0,0,0
BGC0000352.1,0,1,0,0,0,0,0
BGC0000353.1,0,1,0,0,0,0,0
BGC0000354.1,0,1,0,0,0,0,0
BGC0000355.1,0,1,0,0,0,0,0
BGC0000356.1,1,1,0,0,0,0,0
BGC0000357.1,0,1,0,0,0,0,0
BGC0000358.1,0,1,0,0,0,0,0
BGC0000359.1,0,1,0,0,0,0,0
BGC0000360.1,0,1,0,0,0,0,0
BGC0000361.1,0,1,0,0,0,0,0
BGC0000362.1,0,1,0,0,0,0,0
BGC0000363.1,0,1,0,0,0,0,0
BGC0000364.1,0,1,0,0,0,0,0
BGC0000365.1,0,1,0,0,0,0,0
BGC0000366.1,0,1,0,0,0,0,0
BGC0000367.1,0,1,0,0,0,0,0
BGC0000368.1,0,1,0,0,0,0,0
BGC0000369.1,0,1,0,0,0,1,0
BGC0000370.1,0,1,0,0,0,0,0
BGC0000370.2,0,1,0,0,0,0,0
BGC0000370.3,0,1,0,0,0,0,0
BGC0000370.4,0,1,0,0,0,0,0
BGC0000370.5,0,1,0,0,0,0,0
BGC0000370.6,0,1,0,0,0,0,0
BGC0000370.7,0,1,0,0,0,0,0
BGC0000370.8,0,1,0,0,0,0,0
BGC0000371.1,0,1,0,0,0,0,0
BGC0000372.1,0,1,0,0,0,0,0
BGC0000373.1,0,1,0,0,0,0,0
BGC0000374.1,0,1,0,0,0,0,0
BGC0000375.1,0,1,0,0,0,0,0
BGC0000376.1,0,1,0,0,0,0,0
BGC0000377.1,0,1,0,0,0,0,0
BGC0000378.1,0,1,0,0,0,0,0
BGC0000379.1,0,1,0,0,0,0,0
BGC0000380.1,0,1,0,1,0,0,0
BGC0000381.1,0,1,0,0,0,0,0
BGC0000382.1,0,1,0,0,0,0,0
BGC0000383.1,0,1,0,1,0,0,0
BGC0000384.1,0,1,0,0,0,0,0
BGC0000385.1,0,1,0,0,0,0,0
BGC0000386.1,0,1,0,0,0,0,0
BGC0000387.1,0,1,0,0,0,0,0
BGC0000388.1,0,1,0,0,0,0,0
BGC0000389.1,0,1,0,0,0,0,0
BGC0000391.1,0,1,0,0,0,0,0
BGC0000392.1,0,1,0,0,0,0,0
BGC0000393.1,0,1,0,1,0,0,0
BGC0000394.1,0,1,0,0,0,0,0
BGC0000395.1,0,1,0,0,0,0,0
BGC0000396.1,0,1,0,0,0,0,0
BGC0000397.1,0,1,0,0,0,0,0
BGC0000398.1,0,1,0,0,0,0,0
BGC0000399.1,0,1,0,0,0,0,0
BGC0000400.1,0,1,0,0,0,0,0
BGC0000401.1,0,1,0,0,0,0,0
BGC0000402.1,0,1,0,0,0,0,0
BGC0000403.1,0,1,0,0,0,0,0
BGC0000404.1,0,1,0,0,0,0,0
BGC0000405.1,0,1,0,0,0,0,0
BGC0000406.1,0,1,0,0,0,0,0
BGC0000407.1,0,1,0,0,0,0,0
BGC0000408.1,0,1,0,0,0,0,0
BGC0000409.1,0,1,0,0,0,0,0
BGC0000410.1,0,1,0,0,0,0,0
BGC0000411.1,0,1,0,0,0,0,0
BGC0000412.1,0,1,0,0,0,0,0
BGC0000413.1,0,1,0,0,0,0,0
BGC0000414.1,0,1,0,0,0,0,0
BGC0000415.1,0,1,0,0,0,0,0
BGC0000416.1,0,1,0,0,0,0,0
BGC0000417.1,0,1,0,0,0,0,0
BGC0000418.1,0,1,0,0,0,0,0
BGC0000419.1,0,1,0,0,0,1,0
BGC0000420.1,0,1,0,0,0,0,0
BGC0000421.1,0,1,0,0,0,0,0
BGC0000422.1,0,1,0,0,0,0,0
BGC0000423.1,0,1,0,0,0,0,0
BGC0000424.1,0,1,0,0,0,0,0
BGC0000425.1,0,1,0,0,0,0,0
BGC0000426.1,0,1,0,0,0,0,0
BGC0000427.1,0,1,0,0,0,0,0
BGC0000428.1,0,1,0,0,0,0,0
BGC0000429.1,0,1,0,0,0,0,0
BGC0000430.1,0,1,0,1,0,0,0
BGC0000431.1,0,1,0,0,0,0,0
BGC0000432.1,0,1,0,0,0,0,0
BGC0000433.1,0,1,0,0,0,0,0
BGC0000434.1,0,1,0,0,0,0,0
BGC0000435.1,0,1,0,0,0,0,0
BGC0000436.1,0,1,0,0,0,0,0
BGC0000437.1,0,1,0,0,0,0,0
BGC0000438.1,0,1,0,0,0,0,0
BGC0000439.1,0,1,0,0,0,0,0
BGC0000440.1,0,1,0,0,0,0,0
BGC0000441.1,0,1,0,0,0,0,0
BGC0000442.1,0,1,0,0,0,0,0
BGC0000443.1,0,1,0,0,0,0,0
BGC0000444.1,0,1,0,0,0,0,0
BGC0000445.1,0,1,0,0,0,0,0
BGC0000446.1,0,1,0,0,0,0,0
BGC0000447.1,0,1,0,0,0,0,0
BGC0000448.1,0,1,0,0,0,0,0
BGC0000449.1,0,1,0,0,0,0,0
BGC0000450.1,0,1,0,0,0,0,0
BGC0000451.1,0,1,0,0,0,0,0
BGC0000452.1,0,1,0,0,0,0,0
BGC0000453.1,0,1,0,0,0,0,0
BGC0000454.1,0,1,0,0,0,0,0
BGC0000455.1,0,1,0,0,0,0,0
BGC0000456.1,0,1,0,0,0,0,0
BGC0000456.2,0,1,0,0,0,0,0
BGC0000456.3,0,1,0,0,0,0,0
BGC0000456.4,0,1,0,0,0,0,0
BGC0000457.1,0,1,0,0,0,0,0
BGC0000458.1,0,1,0,0,0,0,0
BGC0000459.1,0,1,0,1,0,0,0
BGC0000460.1,0,1,0,0,0,0,0
BGC0000461.1,0,1,0,0,0,0,0
BGC0000462.1,0,1,0,0,0,0,0
BGC0000462.2,0,1,0,0,0,0,0
BGC0000463.1,0,1,0,0,0,0,0
BGC0000464.1,0,1,0,0,0,0,0
BGC0000465.1,0,1,0,0,0,0,0
BGC0000466.1,0,1,0,0,0,0,0
BGC0000467.1,0,1,0,0,0,0,0
BGC0000468.1,0,0,0,0,1,0,0
BGC0000469.1,0,0,0,0,1,0,0
BGC0000470.1,0,0,0,0,1,0,0
BGC0000471.1,0,0,0,0,1,0,0
BGC0000472.1,0,0,0,0,1,0,0
BGC0000473.1,0,0,0,0,1,0,0
BGC0000474.1,0,0,0,0,1,0,0
BGC0000475.1,0,0,0,0,1,0,0
BGC0000476.1,0,0,0,0,1,0,0
BGC0000477.1,0,0,0,0,1,0,0
BGC0000478.1,0,0,0,0,1,0,0
BGC0000479.1,0,0,0,0,1,0,0
BGC0000480.1,0,0,0,0,1,0,0
BGC0000481.1,0,0,0,0,1,0,0
BGC0000482.1,0,0,0,0,1,0,0
BGC0000483.1,0,0,0,0,1,0,0
BGC0000484.1,0,0,0,0,1,0,0
BGC0000485.1,0,0,0,0,1,0,0
BGC0000486.1,0,0,0,0,1,0,0
BGC0000487.1,0,0,0,0,1,0,0
BGC0000488.1,0,0,0,0,1,0,0
BGC0000489.1,0,0,0,0,1,0,0
BGC0000490.1,0,0,0,0,1,0,0
BGC0000491.1,0,0,0,0,1,0,0
BGC0000492.1,0,0,0,0,1,0,0
BGC0000493.1,0,0,0,0,1,0,0
BGC0000494.1,0,0,0,0,1,0,0
BGC0000495.1,0,0,0,0,1,0,0
BGC0000496.1,0,0,0,0,1,0,0
BGC0000497.1,0,0,0,0,1,0,0
BGC0000498.1,0,0,0,0,1,0,0
BGC0000499.1,0,0,0,0,1,0,0
BGC0000500.1,0,0,0,0,1,0,0
BGC0000501.1,0,0,0,0,1,0,0
BGC0000502.1,0,0,0,0,1,0,0
BGC0000503.1,0,0,0,0,1,0,0
BGC0000504.1,0,0,0,0,1,0,0
BGC0000505.1,0,0,0,0,1,0,0
BGC0000506.1,0,0,0,0,1,0,0
BGC0000507.1,0,0,0,0,1,0,0
BGC0000508.1,0,0,0,0,1,0,0
BGC0000509.1,0,0,0,0,1,0,0
BGC0000510.1,0,0,0,0,1,0,0
BGC0000511.1,0,0,0,0,1,0,0
BGC0000513.1,0,0,0,0,1,0,0
BGC0000514.1,0,0,0,0,1,0,0
BGC0000515.1,0,0,0,0,1,0,0
BGC0000516.1,0,0,0,0,1,0,0
BGC0000517.1,0,0,0,0,1,0,0
BGC0000518.1,0,0,0,0,1,0,0
BGC0000519.1,0,0,0,0,1,0,0
BGC0000520.1,0,0,0,0,1,0,0
BGC0000521.1,0,0,0,0,1,0,0
BGC0000522.1,0,0,0,0,1,0,0
BGC0000523.1,0,0,0,0,1,0,0
BGC0000525.1,0,0,0,0,1,0,0
BGC0000526.1,0,0,0,0,1,0,0
BGC0000527.1,0,0,0,0,1,0,0
BGC0000528.1,0,0,0,0,1,0,0
BGC0000529.1,0,0,0,0,1,0,0
BGC0000530.1,0,0,0,0,1,0,0
BGC0000531.1,0,0,0,0,1,0,0
BGC0000532.1,0,0,0,0,1,0,0
BGC0000533.1,0,0,0,0,1,0,0
BGC0000534.1,0,0,0,0,1,0,0
BGC0000535.1,0,0,0,0,1,0,0
BGC0000536.1,0,0,0,0,1,0,0
BGC0000537.1,0,0,0,0,1,0,0
BGC0000538.1,0,0,0,0,1,0,0
BGC0000539.1,0,0,0,0,1,0,0
BGC0000540.1,0,0,0,0,1,0,0
BGC0000541.1,0,0,0,0,1,0,0
BGC0000542.1,0,0,0,0,1,0,0
BGC0000543.1,0,0,0,0,1,0,0
BGC0000544.1,0,0,0,0,1,0,0
BGC0000545.1,0,0,0,0,1,0,0
BGC0000546.1,0,0,0,0,1,0,0
BGC0000547.1,0,0,0,0,1,0,0
BGC0000548.1,0,0,0,0,1,0,0
BGC0000549.1,0,0,0,0,1,0,0
BGC0000550.1,0,0,0,0,1,0,0
BGC0000551.1,0,0,0,0,1,0,0
BGC0000552.1,0,0,0,0,1,0,0
BGC0000553.1,0,0,0,0,1,0,0
BGC0000554.1,0,0,0,0,1,0,0
BGC0000555.1,0,0,0,0,1,0,0
BGC0000556.1,0,0,0,0,1,0,0
BGC0000557.1,0,0,0,0,1,0,0
BGC0000558.1,0,0,0,0,1,0,0
BGC0000559.1,0,0,0,0,1,0,0
BGC0000560.1,0,0,0,0,1,0,0
BGC0000561.1,0,0,0,0,1,0,0
BGC0000562.1,0,0,0,0,1,0,0
BGC0000563.1,0,0,0,0,1,0,0
BGC0000564.1,0,0,0,0,1,0,0
BGC0000565.1,0,0,0,0,1,0,0
BGC0000566.1,0,0,0,0,1,0,0
BGC0000567.1,0,0,0,0,1,0,0
BGC0000568.1,0,0,0,0,1,0,0
BGC0000569.1,0,0,0,0,1,0,0
BGC0000570.1,0,0,0,0,1,0,0
BGC0000571.1,0,0,0,0,1,0,0
BGC0000572.1,0,0,0,0,1,0,0
BGC0000573.1,0,0,0,0,1,0,0
BGC0000574.1,0,0,0,0,1,0,0
BGC0000575.1,0,0,0,0,1,0,0
BGC0000576.1,0,0,0,0,1,0,0
BGC0000577.1,0,0,0,0,1,0,0
BGC0000578.1,0,0,0,0,1,0,0
BGC0000579.1,0,0,0,0,1,0,0
BGC0000580.1,0,0,0,0,1,0,0
BGC0000581.1,0,0,0,0,1,0,0
BGC0000582.1,0,0,0,0,1,0,0
BGC0000583.1,0,0,0,0,1,0,0
BGC0000584.1,0,0,0,0,1,0,0
BGC0000585.1,0,0,0,0,1,0,0
BGC0000586.1,0,0,0,0,1,0,0
BGC0000587.1,0,0,0,0,1,0,0
BGC0000588.1,0,0,0,0,1,0,0
BGC0000589.1,0,0,0,0,1,0,0
BGC0000590.1,0,0,0,0,1,0,0
BGC0000591.1,0,0,0,0,1,0,0
BGC0000592.1,0,0,0,0,1,0,0
BGC0000593.1,0,0,0,0,1,0,0
BGC0000594.1,0,0,0,0,1,0,0
BGC0000595.1,0,0,0,0,1,0,0
BGC0000596.1,0,0,0,0,1,0,0
BGC0000597.1,0,0,0,0,1,0,0
BGC0000598.1,0,0,0,0,1,0,0
BGC0000599.1,0,0,0,0,1,0,0
BGC0000600.1,0,0,0,0,1,0,0
BGC0000601.1,0,0,0,0,1,0,0
BGC0000602.1,0,0,0,0,1,0,0
BGC0000603.1,0,0,0,0,1,0,0
BGC0000604.1,0,0,0,0,1,0,0
BGC0000605.1,0,0,0,0,1,0,0
BGC0000606.1,0,0,0,0,1,0,0
BGC0000607.1,0,0,0,0,1,0,0
BGC0000608.1,0,0,0,0,1,0,0
BGC0000609.1,0,0,0,0,1,0,0
BGC0000610.1,0,0,0,0,1,0,0
BGC0000611.1,0,0,0,0,1,0,0
BGC0000612.1,0,0,0,0,1,0,0
BGC0000613.1,0,0,0,0,1,0,0
BGC0000614.1,0,0,0,0,1,0,0
BGC0000615.1,0,0,0,0,1,0,0
BGC0000616.1,0,0,0,0,1,0,0
BGC0000617.1,0,0,0,0,1,0,0
BGC0000618.1,0,0,0,0,1,0,0
BGC0000619.1,0,0,0,0,1,0,0
BGC0000620.1,0,0,0,0,1,0,0
BGC0000621.1,0,0,0,0,1,0,0
BGC0000622.1,0,0,0,0,1,0,0
BGC0000623.1,0,0,0,0,1,0,0
BGC0000624.1,0,0,0,0,1,0,0
BGC0000625.1,0,0,0,0,1,0,0
BGC0000626.1,0,0,0,0,1,0,0
BGC0000627.1,0,0,0,0,1,0,0
BGC0000628.1,0,0,0,0,1,0,0
BGC0000629.1,0,0,0,0,0,0,1
BGC0000629.2,0,0,0,0,0,0,1
BGC0000630.1,0,0,0,0,0,0,1
BGC0000631.1,0,0,0,0,0,0,1
BGC0000632.1,0,0,0,0,0,0,1
BGC0000633.1,0,0,0,0,0,0,1
BGC0000634.1,0,0,0,0,0,0,1
BGC0000635.1,0,0,0,0,0,0,1
BGC0000636.1,0,0,0,0,0,0,1
BGC0000637.1,0,0,0,0,0,0,1
BGC0000638.1,0,0,0,0,0,0,1
BGC0000639.1,0,0,0,0,0,0,1
BGC0000640.1,0,0,0,0,0,0,1
BGC0000641.1,0,0,0,0,0,0,1
BGC0000642.1,0,0,0,0,0,0,1
BGC0000643.1,0,0,0,0,0,0,1
BGC0000644.1,0,0,0,0,0,0,1
BGC0000645.1,0,0,0,0,0,0,1
BGC0000646.1,0,0,0,0,0,0,1
BGC0000647.1,0,0,0,0,0,0,1
BGC0000648.1,0,0,0,0,0,0,1
BGC0000649.1,0,0,0,0,0,0,1
BGC0000650.1,0,0,0,0,0,0,1
BGC0000651.1,0,0,0,0,0,0,1
BGC0000652.1,0,0,0,0,0,0,1
BGC0000653.1,0,0,0,0,0,0,1
BGC0000654.1,0,0,0,0,0,1,1
BGC0000655.1,0,0,0,0,0,0,1
BGC0000656.1,0,0,0,0,0,0,1
BGC0000657.1,0,0,0,0,0,0,1
BGC0000658.1,0,0,0,0,0,0,1
BGC0000659.1,0,0,0,0,0,0,1
BGC0000660.1,0,0,0,0,0,0,1
BGC0000661.1,0,0,0,0,0,0,1
BGC0000662.1,0,0,0,0,0,0,1
BGC0000663.1,0,0,0,0,0,0,1
BGC0000664.1,0,0,0,0,0,0,1
BGC0000665.1,1,0,0,0,0,0,1
BGC0000666.1,0,0,0,0,0,0,1
BGC0000667.1,0,0,0,0,0,0,1
BGC0000668.1,1,0,0,0,0,0,1
BGC0000669.1,0,0,0,0,0,0,1
BGC0000670.1,0,0,0,0,0,0,1
BGC0000671.1,0,0,0,0,0,0,1
BGC0000672.1,0,0,0,0,0,0,1
BGC0000673.1,0,0,0,0,0,0,1
BGC0000674.1,0,0,0,0,0,0,1
BGC0000675.1,0,0,0,0,0,0,1
BGC0000676.1,0,0,0,0,0,0,1
BGC0000677.1,0,0,0,0,0,0,1
BGC0000678.1,0,0,0,0,0,0,1
BGC0000679.1,0,0,0,0,0,0,1
BGC0000680.1,0,0,0,0,0,0,1
BGC0000680.2,0,0,0,0,0,0,1
BGC0000682.1,0,0,0,0,0,0,1
BGC0000683.1,0,0,0,0,0,0,1
BGC0000684.1,0,0,0,0,0,0,1
BGC0000685.1,0,0,0,0,0,0,1
BGC0000686.1,0,0,0,0,0,0,1
BGC0000687.1,0,0,0,0,0,0,1
BGC0000688.1,0,0,0,0,0,0,1
BGC0000689.1,0,0,0,0,0,1,0
BGC0000690.1,0,0,0,0,0,1,0
BGC0000691.1,0,0,0,0,0,1,0
BGC0000692.1,0,0,0,0,0,1,0
BGC0000693.1,0,0,0,0,0,1,0
BGC0000694.1,0,0,0,0,0,1,0
BGC0000695.1,0,0,0,0,0,1,0
BGC0000696.1,0,0,0,0,0,1,0
BGC0000697.1,0,0,0,0,0,1,0
BGC0000698.1,0,0,0,0,0,1,0
BGC0000699.1,0,0,0,0,0,1,0
BGC0000700.1,0,0,0,0,0,1,0
BGC0000701.1,0,0,0,0,0,1,0
BGC0000702.1,0,0,0,0,0,1,0
BGC0000703.1,0,0,0,0,0,1,0
BGC0000704.1,0,0,0,0,0,1,0
BGC0000705.1,0,0,0,0,0,1,0
BGC0000706.1,0,0,0,0,0,1,0
BGC0000707.1,0,0,0,0,0,1,0
BGC0000708.1,0,0,0,0,0,1,0
BGC0000709.1,0,0,0,0,0,1,0
BGC0000710.1,0,0,0,0,0,1,0
BGC0000711.1,0,0,0,0,0,1,0
BGC0000712.1,0,0,0,0,0,1,0
BGC0000713.1,0,0,0,0,0,1,0
BGC0000714.1,0,0,0,0,0,1,0
BGC0000715.1,0,0,0,0,0,1,0
BGC0000716.1,0,0,0,0,0,1,0
BGC0000717.1,0,0,0,0,0,1,0
BGC0000718.1,0,0,0,0,0,1,0
BGC0000719.1,0,0,0,0,0,1,0
BGC0000720.1,0,0,0,0,0,1,0
BGC0000721.1,0,0,0,0,0,1,0
BGC0000722.1,0,0,1,0,0,0,0
BGC0000723.1,0,0,0,0,0,1,0
BGC0000724.1,0,0,0,0,0,1,0
BGC0000725.1,0,0,0,0,0,1,0
BGC0000726.1,0,0,0,0,0,1,0
BGC0000727.1,0,0,0,0,0,1,0
BGC0000728.1,0,0,0,0,0,1,0
BGC0000729.1,0,0,0,0,0,1,0
BGC0000730.1,0,0,0,0,0,1,0
BGC0000731.1,0,0,0,0,0,1,0
BGC0000732.1,0,0,0,0,0,1,0
BGC0000733.1,0,0,0,0,0,1,0
BGC0000734.1,0,0,0,0,0,1,0
BGC0000735.1,0,0,0,0,0,1,0
BGC0000736.1,0,0,0,0,0,1,0
BGC0000737.1,0,0,0,0,0,1,0
BGC0000738.1,0,0,0,0,0,1,0
BGC0000739.1,0,0,0,0,0,1,0
BGC0000740.1,0,0,0,0,0,1,0
BGC0000741.1,0,0,0,0,0,1,0
BGC0000742.1,0,0,0,0,0,1,0
BGC0000743.1,0,0,0,0,0,1,0
BGC0000744.1,0,0,0,0,0,1,0
BGC0000745.1,0,0,0,0,0,1,0
BGC0000746.1,0,0,0,0,0,1,0
BGC0000747.1,0,0,0,0,0,1,0
BGC0000748.1,0,0,0,0,0,1,0
BGC0000749.1,0,0,0,0,0,1,0
BGC0000750.1,0,0,0,0,0,1,0
BGC0000751.1,0,0,0,0,0,1,0
BGC0000752.1,0,0,0,0,0,1,0
BGC0000753.1,0,0,0,0,0,1,0
BGC0000754.1,0,0,0,0,0,1,0
BGC0000755.1,0,0,0,0,0,1,0
BGC0000756.1,0,0,0,0,0,1,0
BGC0000757.1,0,0,0,0,0,1,0
BGC0000758.1,0,0,0,0,0,1,0
BGC0000759.1,0,0,0,0,0,1,0
BGC0000760.1,0,0,0,0,0,1,0
BGC0000761.1,0,0,0,0,0,1,0
BGC0000762.1,0,0,0,0,0,1,0
BGC0000763.1,0,0,0,0,0,1,0
BGC0000764.1,0,0,0,0,0,1,0
BGC0000765.1,0,0,0,0,0,1,0
BGC0000766.1,0,0,0,0,0,1,0
BGC0000767.1,0,0,0,0,0,1,0
BGC0000768.1,0,0,0,0,0,1,0
BGC0000769.1,0,0,0,0,0,1,0
BGC0000770.1,0,0,0,0,0,1,0
BGC0000771.1,0,0,0,0,0,1,0
BGC0000772.1,0,0,0,0,0,1,0
BGC0000773.1,0,0,0,0,0,1,0
BGC0000774.1,0,0,0,0,0,1,0
BGC0000775.1,0,0,0,0,0,1,0
BGC0000776.1,0,0,0,0,0,1,0
BGC0000777.1,0,0,0,0,0,1,0
BGC0000778.1,0,0,0,0,0,1,0
BGC0000779.1,0,0,0,0,0,1,0
BGC0000780.1,0,0,0,0,0,1,0
BGC0000781.1,0,0,0,0,0,1,0
BGC0000782.1,0,0,0,0,0,1,0
BGC0000783.1,0,0,0,0,0,1,0
BGC0000784.1,0,0,0,0,0,1,0
BGC0000785.1,0,0,0,0,0,1,0
BGC0000786.1,0,0,0,0,0,1,0
BGC0000787.1,0,0,0,0,0,1,0
BGC0000788.1,0,0,0,0,0,1,0
BGC0000789.1,0,0,0,0,0,1,0
BGC0000790.1,0,0,0,0,0,1,0
BGC0000791.1,0,0,0,0,0,1,0
BGC0000792.1,0,0,0,0,0,1,0
BGC0000793.1,0,0,0,0,0,1,0
BGC0000794.1,0,0,0,0,0,1,0
BGC0000795.1,0,0,0,0,0,1,0
BGC0000796.1,0,0,0,0,0,1,0
BGC0000797.1,0,0,0,0,0,1,0
BGC0000798.1,0,0,0,0,0,1,0
BGC0000799.1,0,0,0,0,0,1,0
BGC0000800.1,0,0,0,0,0,1,0
BGC0000801.1,0,0,0,0,0,1,0
BGC0000802.1,0,0,0,0,0,1,0
BGC0000803.1,0,0,0,0,0,1,0
BGC0000804.1,0,0,0,0,0,1,0
BGC0000805.1,0,0,0,0,0,1,0
BGC0000806.1,0,0,0,0,0,1,0
BGC0000807.1,0,0,0,0,0,1,0
BGC0000808.1,0,0,0,0,0,1,0
BGC0000808.2,0,0,0,0,0,1,0
BGC0000809.1,1,0,0,0,0,0,0
BGC0000810.1,1,0,0,0,0,0,0
BGC0000811.1,1,0,0,0,0,0,0
BGC0000812.1,1,0,0,0,0,0,0
BGC0000813.1,1,0,0,0,0,0,0
BGC0000814.1,1,0,0,0,0,0,0
BGC0000815.1,1,0,0,0,0,0,0
BGC0000816.1,1,1,0,0,0,0,0
BGC0000817.1,1,0,0,0,0,0,0
BGC0000818.1,0,1,0,0,0,0,0
BGC0000819.1,1,1,0,0,0,0,0
BGC0000820.1,1,0,0,0,0,0,0
BGC0000821.1,0,0,1,0,0,0,0
BGC0000822.1,1,0,0,0,0,0,0
BGC0000823.1,1,0,0,0,0,0,0
BGC0000824.1,1,0,0,0,0,0,0
BGC0000824.2,1,0,0,0,0,0,0
BGC0000825.1,1,0,0,0,0,0,0
BGC0000826.1,1,0,0,0,0,0,0
BGC0000827.1,1,0,0,0,0,0,0
BGC0000828.1,1,0,0,0,0,0,0
BGC0000829.1,1,0,0,0,0,0,0
BGC0000830.1,0,0,1,0,0,0,0
BGC0000831.1,1,0,0,0,0,0,0
BGC0000832.1,0,0,1,0,0,1,0
BGC0000833.1,0,0,1,0,0,1,0
BGC0000834.1,0,0,1,0,0,1,0
BGC0000835.1,0,0,0,1,0,0,0
BGC0000836.1,0,0,1,0,0,0,0
BGC0000837.1,0,0,1,0,0,0,0
BGC0000838.1,0,0,0,1,0,0,0
BGC0000839.1,0,0,1,0,0,0,0
BGC0000840.1,0,0,1,0,0,0,0
BGC0000841.1,0,0,1,0,0,0,0
BGC0000842.1,0,0,1,0,0,0,0
BGC0000843.1,0,0,1,0,0,0,0
BGC0000844.1,0,0,1,0,0,0,0
BGC0000845.1,0,0,1,0,0,0,0
BGC0000846.1,0,0,1,0,0,0,0
BGC0000847.1,0,0,1,0,0,0,0
BGC0000848.1,0,0,1,0,0,0,0
BGC0000849.1,0,0,1,0,0,0,0
BGC0000850.1,0,0,1,0,0,0,0
BGC0000851.1,0,0,1,0,0,0,0
BGC0000852.1,0,0,1,0,0,0,0
BGC0000853.1,0,0,1,0,0,0,0
BGC0000854.1,0,0,1,0,0,0,0
BGC0000855.1,0,0,1,0,0,0,0
BGC0000856.1,0,0,1,0,0,0,0
BGC0000857.1,0,0,1,0,0,0,0
BGC0000858.1,0,0,1,0,0,0,0
BGC0000859.1,0,0,1,0,0,0,0
BGC0000860.1,0,0,1,0,0,0,0
BGC0000861.1,0,0,1,0,0,0,0
BGC0000862.1,0,0,1,0,0,0,0
BGC0000863.1,0,0,1,0,0,0,0
BGC0000864.1,0,0,1,0,0,0,0
BGC0000865.1,0,0,1,0,0,0,0
BGC0000866.1,0,0,1,0,0,0,0
BGC0000867.1,0,0,1,0,0,0,0
BGC0000868.1,0,0,1,0,0,0,0
BGC0000869.1,0,0,1,0,0,0,0
BGC0000870.1,0,0,1,0,0,0,0
BGC0000871.1,0,0,1,0,0,0,0
BGC0000872.1,0,0,1,0,0,0,0
BGC0000873.1,0,0,1,0,0,0,0
BGC0000874.1,0,0,1,0,0,0,0
BGC0000875.1,0,0,1,0,0,0,0
BGC0000875.2,0,0,1,0,0,0,0
BGC0000875.3,0,0,1,0,0,0,0
BGC0000876.1,0,0,1,0,0,0,0
BGC0000877.1,0,0,1,0,0,0,0
BGC0000878.1,0,0,1,0,0,0,0
BGC0000879.1,0,0,1,0,0,0,0
BGC0000881.1,0,0,1,0,0,0,0
BGC0000882.1,0,0,1,0,0,0,0
BGC0000883.1,0,0,1,0,0,0,0
BGC0000884.1,0,0,1,0,0,0,0
BGC0000885.1,0,0,1,0,0,0,0
BGC0000886.1,0,0,1,0,0,0,0
BGC0000887.1,1,0,0,0,0,0,0
BGC0000888.1,0,0,1,0,0,0,0
BGC0000889.1,0,0,1,0,0,0,0
BGC0000890.1,0,0,1,0,0,0,0
BGC0000891.1,0,0,1,0,0,0,0
BGC0000892.1,0,0,1,0,0,0,0
BGC0000893.1,0,1,0,0,0,0,0
BGC0000894.1,0,0,1,0,0,0,0
BGC0000895.1,0,0,1,0,0,0,0
BGC0000896.1,0,0,1,0,0,0,0
BGC0000897.1,0,0,1,0,0,0,0
BGC0000898.1,0,0,0,0,0,1,0
BGC0000899.1,0,0,1,0,0,0,0
BGC0000900.1,0,0,1,0,0,0,0
BGC0000901.1,0,0,1,0,0,0,0
BGC0000902.1,0,0,1,0,0,0,0
BGC0000903.1,0,0,1,0,0,0,0
BGC0000904.1,0,0,1,0,0,0,0
BGC0000905.1,0,0,1,0,0,0,0
BGC0000906.1,0,0,1,0,0,0,0
BGC0000907.1,0,0,1,0,0,0,0
BGC0000908.1,0,0,1,0,0,0,0
BGC0000909.1,0,0,1,0,0,0,0
BGC0000910.1,0,0,1,0,0,0,0
BGC0000911.1,0,0,1,0,0,0,0
BGC0000912.1,0,0,1,0,0,0,0
BGC0000913.1,0,0,1,0,0,0,0
BGC0000914.1,0,0,1,0,0,0,0
BGC0000915.1,0,0,1,0,0,0,0
BGC0000916.1,0,0,1,0,0,0,0
BGC0000917.1,0,0,1,0,0,0,0
BGC0000918.1,0,0,1,0,0,0,0
BGC0000919.1,0,0,1,0,0,0,0
BGC0000920.1,0,0,1,0,0,0,0
BGC0000921.1,0,0,1,0,0,0,0
BGC0000922.1,0,0,1,0,0,0,0
BGC0000923.1,0,0,1,0,0,0,0
BGC0000924.1,0,0,1,0,0,0,0
BGC0000925.1,0,0,1,0,0,0,0
BGC0000926.1,0,0,1,0,0,0,0
BGC0000927.1,0,0,1,0,0,0,0
BGC0000927.2,0,0,1,0,0,0,0
BGC0000928.1,0,0,1,0,0,0,0
BGC0000929.1,0,0,1,0,0,0,0
BGC0000930.1,0,0,1,0,0,0,0
BGC0000931.1,0,0,1,0,0,0,0
BGC0000932.1,0,0,1,0,0,0,0
BGC0000933.1,0,0,1,0,0,0,0
BGC0000934.1,0,0,1,0,0,0,0
BGC0000935.1,0,0,1,0,0,0,0
BGC0000936.1,0,0,1,0,0,0,0
BGC0000937.1,0,0,1,0,0,0,0
BGC0000938.1,0,0,1,0,0,0,0
BGC0000939.1,0,0,1,0,0,0,0
BGC0000940.1,0,0,1,0,0,0,0
BGC0000941.1,0,0,1,0,0,0,0
BGC0000942.1,0,0,1,0,0,0,0
BGC0000943.1,0,0,1,0,0,0,0
BGC0000944.1,0,0,1,0,0,0,0
BGC0000945.1,0,0,1,0,0,0,0
BGC0000945.2,0,0,1,0,0,0,0
BGC0000946.1,0,0,1,0,0,0,0
BGC0000947.1,0,0,1,0,0,0,0
BGC0000948.1,0,0,1,0,0,0,0
BGC0000949.1,0,1,1,0,0,0,0
BGC0000950.1,0,1,1,0,0,0,0
BGC0000951.1,0,1,1,0,0,0,0
BGC0000952.1,0,1,0,1,0,0,0
BGC0000952.2,0,1,0,1,0,0,0
BGC0000952.3,0,1,0,1,0,0,0
BGC0000953.1,0,0,0,0,0,1,0
BGC0000954.1,0,1,0,1,0,0,0
BGC0000955.1,0,1,0,1,0,0,0
BGC0000956.1,0,1,0,1,0,0,0
BGC0000957.1,0,1,0,1,0,0,0
BGC0000958.1,0,1,0,1,0,0,0
BGC0000959.1,0,1,0,1,0,0,0
BGC0000960.1,0,1,0,1,0,0,0
BGC0000961.1,0,1,0,1,0,0,0
BGC0000962.1,0,1,0,1,0,0,0
BGC0000963.1,0,1,0,1,0,1,0
BGC0000964.1,0,1,0,1,0,0,0
BGC0000965.1,0,0,0,1,0,0,0
BGC0000966.1,0,1,0,1,0,0,0
BGC0000967.1,0,1,0,1,0,0,0
BGC0000968.1,0,1,0,1,0,0,0
BGC0000969.1,0,1,0,1,0,0,0
BGC0000970.1,0,1,0,1,0,0,0
BGC0000971.1,0,1,0,1,0,0,0
BGC0000972.1,0,1,0,1,0,0,0
BGC0000973.1,0,1,0,1,0,0,0
BGC0000974.1,0,1,0,1,0,0,0
BGC0000975.1,0,1,0,0,0,0,0
BGC0000976.1,0,1,0,1,0,0,0
BGC0000977.1,0,1,0,1,0,0,0
BGC0000978.1,1,1,0,1,0,0,0
BGC0000979.1,0,1,0,1,0,0,0
BGC0000980.1,0,1,0,1,0,0,0
BGC0000981.1,0,1,0,1,0,0,0
BGC0000982.1,0,1,0,1,0,0,0
BGC0000983.1,0,1,0,1,0,0,0
BGC0000984.1,0,1,0,1,0,0,0
BGC0000985.1,0,1,0,1,0,0,0
BGC0000986.1,0,1,0,1,0,0,0
BGC0000988.1,0,1,0,1,0,0,0
BGC0000989.1,0,1,0,1,0,0,0
BGC0000990.1,0,1,0,1,0,0,0
BGC0000991.1,0,1,0,1,0,0,0
BGC0000992.1,0,1,0,1,0,0,0
BGC0000993.1,0,1,0,1,0,0,0
BGC0000994.1,0,1,0,1,0,0,0
BGC0000995.1,0,1,0,1,0,0,0
BGC0000996.1,0,1,0,1,0,0,0
BGC0000997.1,0,1,0,1,0,0,0
BGC0000998.1,0,1,0,1,0,0,0
BGC0000999.1,0,1,0,1,0,0,0
BGC0001000.1,0,1,0,1,0,0,0
BGC0001001.1,0,1,0,1,0,0,0
BGC0001002.1,0,1,0,1,0,0,0
BGC0001003.1,0,1,0,1,0,1,0
BGC0001004.1,0,0,0,1,0,0,0
BGC0001005.1,0,1,0,1,0,0,0
BGC0001006.1,0,1,0,1,0,0,0
BGC0001007.1,0,1,0,1,0,0,0
BGC0001008.1,0,0,0,1,0,0,0
BGC0001009.1,0,1,0,1,0,0,0
BGC0001010.1,0,1,0,1,0,0,0
BGC0001011.1,0,1,0,1,0,0,0
BGC0001012.1,0,1,0,1,0,0,0
BGC0001013.1,0,1,0,1,0,0,0
BGC0001014.1,0,1,0,1,0,0,0
BGC0001015.1,0,1,0,1,0,0,0
BGC0001016.1,0,1,0,1,0,0,0
BGC0001017.1,0,1,0,1,0,0,0
BGC0001018.1,0,1,0,1,0,0,0
BGC0001019.1,0,1,0,1,0,0,0
BGC0001020.1,0,1,0,1,0,0,0
BGC0001021.1,0,1,0,1,0,0,0
BGC0001022.1,0,1,0,1,0,0,0
BGC0001023.1,0,1,0,1,0,0,0
BGC0001024.1,0,1,0,1,0,0,0
BGC0001025.1,0,1,0,1,0,0,0
BGC0001026.1,0,1,0,1,0,0,0
BGC0001027.1,0,1,0,1,0,0,0
BGC0001028.1,0,1,0,0,0,0,0
BGC0001029.1,0,1,0,0,0,0,0
BGC0001030.1,0,1,0,1,0,0,0
BGC0001031.1,0,1,0,1,0,0,0
BGC0001032.1,0,1,0,1,0,0,0
BGC0001033.1,0,1,0,1,0,0,0
BGC0001034.1,0,1,0,1,0,0,0
BGC0001035.1,0,0,1,0,0,0,0
BGC0001036.1,0,1,0,1,0,0,0
BGC0001037.1,0,1,0,1,0,0,0
BGC0001038.1,0,1,0,1,0,0,0
BGC0001039.1,0,1,0,1,0,0,0
BGC0001040.1,0,1,0,1,0,0,0
BGC0001041.1,0,1,0,1,0,0,0
BGC0001042.1,0,1,0,1,0,0,0
BGC0001043.1,0,1,0,1,0,0,0
BGC0001044.1,0,1,0,1,0,0,0
BGC0001045.1,0,1,0,1,0,0,0
BGC0001046.1,0,1,0,1,0,1,0
BGC0001047.1,0,1,0,1,0,0,0
BGC0001048.1,0,1,0,1,0,1,0
BGC0001049.1,0,1,0,1,0,0,0
BGC0001050.1,0,1,0,1,0,0,0
BGC0001051.1,0,1,0,1,0,0,0
BGC0001052.1,0,1,0,1,0,0,0
BGC0001053.1,0,1,0,1,0,0,0
BGC0001054.1,0,1,0,1,0,0,0
BGC0001055.1,0,1,0,1,0,0,0
BGC0001056.1,0,1,1,1,0,0,0
BGC0001057.1,0,1,0,1,0,0,0
BGC0001058.1,0,1,0,1,0,1,0
BGC0001059.1,0,1,0,1,0,0,0
BGC0001060.1,0,0,0,1,0,0,0
BGC0001061.1,0,0,0,1,0,1,0
BGC0001062.1,0,0,0,1,0,0,0
BGC0001063.1,0,1,0,1,0,0,0
BGC0001064.1,0,0,0,1,0,0,0
BGC0001065.1,0,0,0,1,0,0,0
BGC0001066.1,0,0,0,1,0,0,0
BGC0001067.1,0,0,0,1,0,0,1
BGC0001068.1,0,0,0,1,0,0,1
BGC0001069.1,0,1,0,1,0,0,0
BGC0001070.1,0,1,0,1,0,0,0
BGC0001071.1,0,0,0,1,0,0,0
BGC0001072.1,0,0,1,1,0,1,0
BGC0001073.1,0,1,0,1,0,0,0
BGC0001074.1,0,0,0,1,0,1,0
BGC0001075.1,0,0,0,1,0,0,1
BGC0001076.1,0,0,1,0,0,0,0
BGC0001077.1,0,0,0,1,0,0,1
BGC0001078.1,0,0,0,1,0,0,1
BGC0001079.1,0,0,0,1,0,0,1
BGC0001080.1,0,0,1,0,0,0,0
BGC0001081.1,1,0,0,0,0,0,1
BGC0001081.2,1,0,0,0,0,0,1
BGC0001082.1,0,0,0,0,0,0,1
BGC0001083.1,0,0,0,1,0,0,1
BGC0001084.1,1,1,0,0,0,0,1
BGC0001085.1,0,1,0,0,0,0,1
BGC0001086.1,0,0,0,0,0,1,1
BGC0001086.2,0,0,0,0,0,1,1
BGC0001087.1,0,0,0,0,0,1,1
BGC0001087.2,0,0,0,0,0,1,1
BGC0001087.3,0,0,0,0,0,1,1
BGC0001087.4,0,0,0,0,0,1,1
BGC0001088.1,0,1,0,1,0,0,0
BGC0001089.1,0,0,1,0,0,0,0
BGC0001090.1,0,1,0,0,0,0,0
BGC0001091.1,0,1,0,1,0,0,0
BGC0001092.1,0,1,0,1,0,0,0
BGC0001092.2,0,1,0,1,0,0,0
BGC0001093.1,0,1,0,1,0,0,0
BGC0001094.1,0,1,0,1,0,0,0
BGC0001095.1,0,1,1,0,0,0,0
BGC0001096.1,0,1,0,1,0,0,0
BGC0001098.1,0,1,0,1,0,0,0
BGC0001099.1,0,1,0,1,0,0,0
BGC0001100.1,0,1,0,1,0,0,0
BGC0001101.1,0,1,0,1,0,0,0
BGC0001102.1,0,1,0,1,0,0,0
BGC0001103.1,0,1,0,1,0,0,0
BGC0001104.1,0,1,0,1,0,0,0
BGC0001105.1,0,1,0,1,0,0,0
BGC0001106.1,0,1,0,1,0,0,0
BGC0001107.1,0,1,0,1,0,0,0
BGC0001107.2,0,1,0,1,0,0,0
BGC0001107.3,0,1,0,1,0,0,0
BGC0001107.4,0,1,0,1,0,0,0
BGC0001107.5,0,1,0,1,0,0,0
BGC0001108.1,0,0,0,1,0,0,0
BGC0001109.1,0,1,0,1,0,0,0
BGC0001110.1,0,1,0,1,0,0,0
BGC0001111.1,0,1,0,1,0,0,0
BGC0001112.1,0,1,0,1,0,0,0
BGC0001113.1,0,1,0,1,0,0,0
BGC0001114.1,0,1,0,1,0,0,0
BGC0001115.1,0,1,0,1,0,0,0
BGC0001116.1,0,1,0,1,0,0,0
BGC0001117.1,0,1,0,0,0,0,0
BGC0001118.1,0,0,0,1,0,0,0
BGC0001119.1,0,0,0,1,0,0,0
BGC0001120.1,0,1,0,1,0,0,0
BGC0001121.1,0,0,0,1,0,0,0
BGC0001122.1,0,1,0,1,0,0,0
BGC0001123.1,0,1,0,0,0,0,0
BGC0001124.1,0,0,0,1,0,0,0
BGC0001125.1,0,1,0,1,0,0,0
BGC0001126.1,1,0,0,0,0,0,1
BGC0001127.1,0,1,0,0,0,0,0
BGC0001128.1,0,1,0,0,0,0,0
BGC0001130.1,0,1,0,1,0,0,0
BGC0001131.1,0,1,0,0,0,0,0
BGC0001132.1,0,1,0,0,0,0,0
BGC0001133.1,0,1,0,0,0,0,0
BGC0001134.1,0,0,1,0,0,0,0
BGC0001135.1,0,1,0,0,0,0,0
BGC0001136.1,0,1,0,1,0,0,0
BGC0001137.1,1,0,0,0,0,0,0
BGC0001138.1,0,0,1,0,0,0,0
BGC0001140.1,0,0,0,0,0,0,1
BGC0001141.1,0,0,0,1,0,0,0
BGC0001142.1,0,1,0,0,0,0,0
BGC0001143.1,0,0,0,1,0,0,0
BGC0001144.1,0,0,0,1,0,0,0
BGC0001145.1,0,0,0,0,1,0,0
BGC0001146.1,0,0,0,0,1,0,0
BGC0001147.1,0,1,0,0,0,0,0
BGC0001147.2,0,1,0,0,0,0,0
BGC0001148.1,0,1,0,0,1,0,0
BGC0001149.1,0,1,0,0,0,1,0
BGC0001150.1,0,0,0,1,0,0,0
BGC0001151.1,0,0,1,0,0,0,0
BGC0001152.1,0,1,0,0,0,0,0
BGC0001153.1,0,1,0,0,0,0,0
BGC0001154.1,0,0,1,0,0,0,0
BGC0001155.1,0,0,0,0,1,0,0
BGC0001156.1,0,0,0,0,0,0,1
BGC0001157.1,0,0,0,0,1,0,0
BGC0001158.1,0,0,0,1,0,0,0
BGC0001158.2,0,0,0,1,0,0,0
BGC0001158.3,0,0,0,1,0,0,0
BGC0001158.4,0,0,0,1,0,0,0
BGC0001158.5,0,0,0,1,0,0,0
BGC0001158.6,0,0,0,1,0,0,0
BGC0001159.1,0,1,0,1,0,0,0
BGC0001160.1,0,0,0,1,0,0,0
BGC0001161.1,0,0,0,1,0,0,0
BGC0001162.1,0,0,0,1,0,0,0
BGC0001163.1,0,0,0,1,0,0,0
BGC0001164.1,0,0,0,1,0,0,0
BGC0001165.1,0,1,0,1,0,0,0
BGC0001166.1,0,1,0,0,0,0,0
BGC0001167.1,0,0,0,0,1,0,0
BGC0001168.1,0,1,0,0,0,0,0
BGC0001169.1,0,0,0,1,0,0,0
BGC0001170.1,0,0,0,0,1,0,0
BGC0001171.1,0,0,0,0,1,0,0
BGC0001172.1,0,1,0,1,0,0,0
BGC0001173.1,0,0,0,0,1,0,0
BGC0001174.1,0,0,0,0,1,0,0
BGC0001176.1,0,0,0,0,1,0,0
BGC0001177.1,0,0,0,1,0,0,0
BGC0001178.1,0,1,0,0,0,0,0
BGC0001179.1,0,0,0,1,0,0,0
BGC0001180.1,0,0,1,0,0,0,0
BGC0001180.2,0,0,1,0,0,0,0
BGC0001180.3,0,0,1,0,0,0,0
BGC0001180.4,0,0,1,0,0,0,0
BGC0001181.1,0,0,0,0,0,0,1
BGC0001182.1,0,1,0,1,0,0,0
BGC0001183.1,0,0,0,1,0,0,0
BGC0001184.1,0,0,1,0,0,0,0
BGC0001185.1,0,1,0,0,0,0,0
BGC0001186.1,0,0,0,1,0,0,0
BGC0001187.1,0,1,0,1,0,0,0
BGC0001188.1,0,0,0,0,1,0,0
BGC0001189.1,0,1,0,0,0,0,0
BGC0001190.1,0,0,0,1,0,0,0
BGC0001191.1,0,0,1,0,0,0,0
BGC0001192.1,0,1,0,0,0,0,0
BGC0001193.1,0,1,0,0,0,0,0
BGC0001194.1,0,0,0,1,0,0,0
BGC0001195.1,0,1,0,1,0,0,0
BGC0001196.1,0,1,0,0,0,0,0
BGC0001197.1,0,0,0,1,0,0,0
BGC0001198.1,0,0,0,0,0,0,1
BGC0001199.1,0,0,0,1,0,0,0
BGC0001200.1,0,0,0,1,0,0,0
BGC0001201.1,0,0,0,0,0,0,1
BGC0001202.1,0,1,0,1,0,0,0
BGC0001203.1,0,1,0,1,0,0,0
BGC0001204.1,0,0,0,1,0,0,0
BGC0001205.1,0,0,0,1,0,0,0
BGC0001206.1,0,0,1,0,0,0,0
BGC0001207.1,0,1,0,0,0,0,0
BGC0001208.1,0,1,0,0,0,0,0
BGC0001208.2,0,1,0,0,0,0,0
BGC0001209.1,0,0,0,0,1,0,0
BGC0001210.1,0,0,0,0,1,0,0
BGC0001211.1,0,1,0,0,0,0,0
BGC0001212.1,0,1,0,1,0,0,0
BGC0001213.1,0,0,0,1,0,0,0
BGC0001214.1,0,1,0,0,0,0,0
BGC0001215.1,0,1,0,0,0,0,0
BGC0001216.1,0,1,0,1,0,0,0
BGC0001217.1,0,0,1,0,0,0,0
BGC0001218.1,0,1,0,1,0,0,0
BGC0001219.1,0,0,0,1,0,0,0
BGC0001220.1,0,1,0,0,0,0,0
BGC0001221.1,0,0,1,0,0,0,0
BGC0001222.1,0,0,0,0,1,0,0
BGC0001223.1,0,0,1,0,0,0,0
BGC0001224.1,0,0,1,0,0,0,0
BGC0001225.1,0,1,0,0,0,0,0
BGC0001226.1,0,0,0,0,1,0,0
BGC0001226.2,0,0,0,0,1,0,0
BGC0001227.1,0,0,0,0,0,0,1
BGC0001228.1,0,1,0,0,0,0,0
BGC0001229.1,0,0,0,0,1,0,0
BGC0001230.1,0,1,0,1,0,0,0
BGC0001231.1,0,1,0,1,0,0,0
BGC0001232.1,0,0,0,1,0,0,0
BGC0001232.2,0,0,0,1,0,0,0
BGC0001233.1,0,1,0,0,0,0,0
BGC0001234.1,0,1,0,0,0,0,0
BGC0001234.2,0,1,0,0,0,0,0
BGC0001235.1,0,1,0,1,0,0,0
BGC0001236.1,0,0,0,1,0,0,0
BGC0001237.1,0,0,0,1,0,0,0
BGC0001238.1,0,0,1,0,0,0,0
BGC0001239.1,0,0,1,0,0,0,0
BGC0001240.1,0,1,0,0,0,0,0
BGC0001241.1,0,0,0,0,0,0,1
BGC0001242.1,0,0,0,1,0,0,0
BGC0001243.1,0,0,0,1,0,0,0
BGC0001243.2,0,0,0,1,0,0,0
BGC0001243.3,0,0,0,1,0,0,0
BGC0001243.4,0,0,0,1,0,0,0
BGC0001243.5,0,0,0,1,0,0,0
BGC0001243.6,0,0,0,1,0,0,0
BGC0001243.7,0,0,0,1,0,0,0
BGC0001243.8,0,0,0,1,0,0,0
BGC0001243.9,0,0,0,1,0,0,0
BGC0001243.10,0,0,0,1,0,0,0
BGC0001243.11,0,0,0,1,0,0,0
BGC0001244.1,0,0,0,1,0,0,0
BGC0001245.1,0,0,0,1,0,0,0
BGC0001246.1,0,0,0,1,0,0,0
BGC0001247.1,0,0,0,1,0,0,0
BGC0001247.2,0,0,0,1,0,0,0
BGC0001247.3,0,0,0,1,0,0,0
BGC0001247.4,0,0,0,1,0,0,0
BGC0001247.5,0,0,0,1,0,0,0
BGC0001247.6,0,0,0,1,0,0,0
BGC0001247.7,0,0,0,1,0,0,0
BGC0001247.8,0,0,0,1,0,0,0
BGC0001247.9,0,0,0,1,0,0,0
BGC0001247.10,0,0,0,1,0,0,0
BGC0001247.11,0,0,0,1,0,0,0
BGC0001247.12,0,0,0,1,0,0,0
BGC0001248.1,0,0,0,0,0,0,1
BGC0001249.1,0,1,0,0,0,0,0
BGC0001250.1,0,1,0,0,0,0,0
BGC0001251.1,0,1,0,0,0,0,0
BGC0001252.1,0,0,0,1,0,0,0
BGC0001253.1,0,0,0,1,0,0,0
BGC0001253.2,0,0,0,1,0,0,0
BGC0001253.3,0,0,0,1,0,0,0
BGC0001253.4,0,0,0,1,0,0,0
BGC0001254.1,0,0,0,1,0,0,0
BGC0001255.1,0,1,0,1,0,0,0
BGC0001256.1,0,0,1,0,0,0,0
BGC0001256.2,0,0,1,0,0,0,0
BGC0001257.1,0,0,0,1,0,0,0
BGC0001258.1,0,0,0,1,0,0,0
BGC0001259.1,0,0,0,1,0,0,0
BGC0001259.2,0,0,0,1,0,0,0
BGC0001259.3,0,0,0,1,0,0,0
BGC0001259.4,0,0,0,1,0,0,0
BGC0001259.5,0,0,0,1,0,0,0
BGC0001259.6,0,0,0,1,0,0,0
BGC0001259.7,0,0,0,1,0,0,0
BGC0001259.8,0,0,0,1,0,0,0
BGC0001259.9,0,0,0,1,0,0,0
BGC0001259.10,0,0,0,1,0,0,0
BGC0001260.1,0,0,0,0,0,0,1
BGC0001261.1,0,1,0,0,0,0,0
BGC0001262.1,0,0,0,1,0,0,0
BGC0001263.1,0,1,0,0,0,0,0
BGC0001263.2,0,1,0,0,0,0,0
BGC0001264.1,0,0,0,1,0,0,0
BGC0001265.1,0,0,0,1,0,0,0
BGC0001266.1,0,0,0,1,0,0,0
BGC0001267.1,0,0,0,0,0,0,1
BGC0001268.1,0,1,0,1,0,0,0
BGC0001269.1,0,0,0,1,0,0,1
BGC0001269.2,0,0,0,1,0,0,1
BGC0001269.3,0,0,0,1,0,0,1
BGC0001269.4,0,0,0,1,0,0,1
BGC0001269.5,0,0,0,1,0,0,1
BGC0001270.1,0,0,0,1,0,0,1
BGC0001270.2,0,0,0,1,0,0,1
BGC0001270.3,0,0,0,1,0,0,1
BGC0001270.4,0,0,0,1,0,0,1
BGC0001270.5,0,0,0,1,0,0,1
BGC0001270.6,0,0,0,1,0,0,1
BGC0001270.7,0,0,0,1,0,0,1
BGC0001271.1,0,0,0,1,0,0,0
BGC0001271.2,0,0,0,1,0,0,0
BGC0001271.3,0,0,0,1,0,0,0
BGC0001272.1,0,0,0,1,0,0,0
BGC0001272.2,0,0,0,1,0,0,0
BGC0001272.3,0,0,0,1,0,0,0
BGC0001272.4,0,0,0,1,0,0,0
BGC0001272.5,0,0,0,1,0,0,0
BGC0001272.6,0,0,0,1,0,0,0
BGC0001272.7,0,0,0,1,0,0,0
BGC0001272.8,0,0,0,1,0,0,0
BGC0001272.9,0,0,0,1,0,0,0
BGC0001272.10,0,0,0,1,0,0,0
BGC0001273.1,0,0,0,1,0,0,0
BGC0001274.1,0,0,1,0,0,0,0
BGC0001274.2,0,0,1,0,0,0,0
BGC0001274.3,0,0,1,0,0,0,0
BGC0001274.4,0,0,1,0,0,0,0
BGC0001274.5,0,0,1,0,0,0,0
BGC0001275.1,0,0,0,1,0,0,0
BGC0001276.1,0,0,0,1,0,0,0
BGC0001277.1,0,0,0,0,0,0,1
BGC0001278.1,0,0,0,0,0,0,1
BGC0001279.1,0,0,0,0,0,0,1
BGC0001279.2,0,0,0,0,0,0,1
BGC0001279.3,0,0,0,0,0,0,1
BGC0001280.1,0,0,0,1,0,0,0
BGC0001281.1,0,0,0,1,0,0,0
BGC0001282.1,0,0,1,0,0,0,0
BGC0001282.2,0,0,1,0,0,0,0
BGC0001282.3,0,0,1,0,0,0,0
BGC0001283.1,0,0,1,0,0,0,0
BGC0001284.1,0,0,0,0,0,0,1
BGC0001285.1,0,0,1,0,0,0,0
BGC0001286.1,0,0,1,0,0,0,0
BGC0001287.1,0,0,0,1,0,0,0
BGC0001288.1,0,0,0,1,0,0,0
BGC0001289.1,0,0,0,0,1,0,0
BGC0001290.1,0,1,0,0,0,0,0
BGC0001291.1,0,0,0,0,1,0,0
BGC0001292.1,0,0,1,0,0,0,0
BGC0001293.1,0,0,0,1,0,0,0
BGC0001294.1,0,0,1,0,0,0,0
BGC0001295.1,0,0,1,0,0,0,0
BGC0001296.1,0,0,0,1,0,0,0
BGC0001297.1,0,1,0,0,0,0,0
BGC0001298.1,0,0,0,1,0,0,0
BGC0001299.1,0,0,0,1,0,0,0
BGC0001300.1,0,0,0,1,0,0,0
BGC0001301.1,0,0,0,1,0,0,0
BGC0001302.1,0,0,1,0,0,0,0
BGC0001303.1,0,0,0,1,0,0,0
BGC0001304.1,0,0,0,1,0,0,0
BGC0001305.1,0,0,0,1,0,0,0
BGC0001306.1,0,0,0,0,1,0,0
BGC0001307.1,0,0,0,0,1,0,0
BGC0001308.1,0,0,0,1,0,0,0
BGC0001308.2,0,0,0,1,0,0,0
BGC0001309.1,0,0,0,1,0,0,0
BGC0001309.2,0,0,0,1,0,0,0
BGC0001310.1,0,0,0,0,0,0,1
BGC0001311.1,0,0,0,0,1,0,0
BGC0001312.1,0,1,0,0,0,0,0
BGC0001313.1,0,0,0,0,0,0,1
BGC0001314.1,0,0,0,0,0,0,1
BGC0001315.1,0,0,0,0,0,0,1
BGC0001316.1,0,0,1,0,0,0,0
BGC0001317.1,0,0,0,0,0,0,1
BGC0001318.1,0,0,1,0,0,0,0
BGC0001319.1,0,0,0,0,0,0,1
BGC0001319.2,0,0,0,0,0,0,1
BGC0001320.1,0,0,0,0,0,0,1
BGC0001320.2,0,0,0,0,0,0,1
BGC0001321.1,0,0,0,0,0,0,1
BGC0001322.1,0,0,0,0,0,0,1
BGC0001323.1,0,0,0,0,0,0,1
BGC0001324.1,0,0,0,0,0,0,1
BGC0001325.1,1,0,0,0,0,0,0
BGC0001327.1,0,1,0,1,0,0,0
BGC0001328.1,0,1,0,1,0,0,0
BGC0001329.1,0,1,0,1,0,0,0
BGC0001330.1,0,1,0,1,0,0,0
BGC0001331.1,0,1,0,1,0,0,0
BGC0001332.1,0,1,0,1,0,0,0
BGC0001333.1,1,0,0,0,0,0,0
BGC0001334.1,1,0,0,0,0,0,0
BGC0001335.1,1,0,0,0,0,0,0
BGC0001336.1,1,0,0,0,0,0,0
BGC0001337.1,1,0,0,0,0,0,0
BGC0001338.1,0,0,0,1,0,0,0
BGC0001339.1,0,0,0,1,0,0,0
BGC0001340.1,0,0,0,1,0,0,0
BGC0001341.1,0,1,0,0,0,0,0
BGC0001342.1,0,1,0,1,0,0,0
BGC0001343.1,0,0,0,1,0,0,0
BGC0001344.1,0,1,0,1,0,0,0
BGC0001345.1,0,1,0,0,0,0,0
BGC0001346.1,0,1,0,0,0,0,0
BGC0001347.1,0,1,0,0,0,0,0
BGC0001347.2,0,1,0,0,0,0,0
BGC0001348.1,0,0,0,1,0,0,0
BGC0001349.1,0,1,0,1,0,0,0
BGC0001350.1,0,0,0,1,0,0,0
BGC0001351.1,0,1,0,0,0,0,0
BGC0001351.2,0,1,0,0,0,0,0
BGC0001352.1,0,1,0,1,0,0,0
BGC0001352.2,0,1,0,1,0,0,0
BGC0001353.1,0,1,0,1,0,0,0
BGC0001353.2,0,1,0,1,0,0,0
BGC0001354.1,0,1,0,1,0,0,0
BGC0001354.2,0,1,0,1,0,0,0
BGC0001355.1,0,1,0,1,0,0,0
BGC0001355.2,0,1,0,1,0,0,0
BGC0001356.1,0,0,0,0,1,0,0
BGC0001357.1,0,0,0,1,0,0,0
BGC0001358.1,0,0,0,1,0,0,0
BGC0001359.1,0,0,0,1,0,0,0
BGC0001359.2,0,0,0,1,0,0,0
BGC0001360.1,0,0,0,1,0,0,0
BGC0001361.1,0,0,0,0,0,0,1
BGC0001362.1,0,0,1,0,0,0,0
BGC0001363.1,0,1,0,1,0,0,0
BGC0001364.1,0,0,0,0,1,0,0
BGC0001365.1,0,1,0,0,0,0,0
BGC0001366.1,0,0,0,1,0,0,0
BGC0001367.1,0,1,0,1,0,0,0
BGC0001368.1,0,1,0,0,0,0,0
BGC0001369.1,0,0,0,1,0,0,0
BGC0001370.1,0,1,0,0,0,0,0
BGC0001371.1,0,1,0,0,0,0,0
BGC0001372.1,0,0,0,0,0,0,1
BGC0001373.1,0,0,0,1,0,0,0
BGC0001374.1,0,0,1,0,0,0,0
BGC0001375.1,0,0,0,0,0,0,1
BGC0001376.1,0,0,0,1,0,0,0
BGC0001377.1,0,0,0,1,0,0,0
BGC0001378.1,0,0,0,1,0,0,0
BGC0001379.1,0,1,0,0,0,0,0
BGC0001380.1,0,0,0,0,0,1,0
BGC0001381.1,0,0,0,1,0,0,0
BGC0001382.1,0,1,0,1,0,0,0
BGC0001383.1,0,0,0,1,0,0,0
BGC0001384.1,0,0,0,1,0,0,0
BGC0001385.1,0,0,0,1,0,0,0
BGC0001386.1,0,0,0,1,0,0,0
BGC0001387.1,0,0,1,0,0,0,0
BGC0001388.1,0,0,0,0,1,0,0
BGC0001389.1,0,1,0,0,0,0,0
BGC0001390.1,0,1,0,1,0,0,0
BGC0001391.1,0,0,0,0,1,0,0
BGC0001392.1,0,0,0,0,1,0,0
BGC0001393.1,0,1,0,0,0,0,0
BGC0001394.1,0,1,0,1,0,0,0
BGC0001395.1,0,0,1,0,0,0,0
BGC0001396.1,0,0,0,1,0,0,0
BGC0001397.1,0,1,0,1,0,0,0
BGC0001398.1,0,0,0,0,1,0,0
BGC0001398.2,0,0,0,0,1,0,0
BGC0001398.3,0,0,0,0,1,0,0
BGC0001398.4,0,0,0,0,1,0,0
BGC0001398.5,0,0,0,0,1,0,0
BGC0001398.6,0,0,0,0,1,0,0
BGC0001398.7,0,0,0,0,1,0,0
BGC0001398.8,0,0,0,0,1,0,0
BGC0001398.9,0,0,0,0,1,0,0
BGC0001398.10,0,0,0,0,1,0,0
BGC0001398.11,0,0,0,0,1,0,0
BGC0001398.12,0,0,0,0,1,0,0
BGC0001398.13,0,0,0,0,1,0,0
BGC0001398.14,0,0,0,0,1,0,0
BGC0001398.15,0,0,0,0,1,0,0
BGC0001398.16,0,0,0,0,1,0,0
BGC0001398.17,0,0,0,0,1,0,0
BGC0001398.18,0,0,0,0,1,0,0
BGC0001398.19,0,0,0,0,1,0,0
BGC0001399.1,0,1,0,0,0,0,0
BGC0001400.1,0,0,0,1,0,0,0
BGC0001401.1,0,0,0,1,0,0,0
BGC0001401.2,0,0,0,1,0,0,0
BGC0001401.3,0,0,0,1,0,0,0
BGC0001401.4,0,0,0,1,0,0,0
BGC0001401.5,0,0,0,1,0,0,0
BGC0001402.1,0,1,0,0,0,0,0
BGC0001403.1,0,0,0,1,0,0,0
BGC0001404.1,0,0,0,1,0,0,0
BGC0001405.1,0,0,0,1,0,0,0
BGC0001406.1,0,1,0,0,0,0,0
BGC0001407.1,0,0,0,0,1,0,0
BGC0001408.1,0,0,1,0,0,0,0
BGC0001409.1,0,0,0,1,0,0,0
BGC0001410.1,0,0,0,0,0,1,0
BGC0001411.1,0,0,0,0,0,1,0
BGC0001412.1,0,0,0,0,0,1,0
BGC0001413.1,0,1,0,0,0,0,0
BGC0001414.1,0,1,0,0,0,0,0
BGC0001415.1,0,1,0,0,0,0,0
BGC0001416.1,0,1,0,0,0,0,0
BGC0001417.1,0,1,0,1,0,0,0
BGC0001418.1,0,1,0,1,0,0,0
BGC0001419.1,0,1,0,1,0,0,0
BGC0001420.1,0,1,0,1,0,0,0
BGC0001421.1,0,1,0,1,0,0,0
BGC0001422.1,0,1,0,1,0,0,0
BGC0001423.1,0,1,0,1,0,0,0
BGC0001424.1,0,1,0,1,0,0,0
BGC0001425.1,0,1,0,1,0,0,0
BGC0001426.1,0,1,0,1,0,0,0
BGC0001427.1,0,1,0,1,0,0,0
BGC0001428.1,0,1,0,1,0,0,0
BGC0001429.1,0,1,0,1,0,0,0
BGC0001430.1,0,1,0,1,0,0,0
BGC0001431.1,0,1,0,1,0,0,0
BGC0001432.1,0,1,0,1,0,0,0
BGC0001433.1,0,0,0,1,0,0,0
BGC0001434.1,0,1,0,0,0,0,0
BGC0001435.1,0,1,0,1,0,0,0
BGC0001436.1,0,0,0,1,0,0,0
BGC0001437.1,0,1,0,0,0,0,0
BGC0001438.1,0,0,0,1,0,1,0
BGC0001439.1,0,0,0,1,0,1,0
BGC0001440.1,0,0,1,0,0,0,0
BGC0001441.1,0,0,1,0,0,0,0
BGC0001442.1,0,1,0,0,0,0,0
BGC0001443.1,0,1,0,0,0,0,0
BGC0001444.1,0,0,1,0,0,0,0
BGC0001445.1,0,1,0,1,0,0,0
BGC0001446.1,0,0,0,1,0,0,0
BGC0001447.1,0,0,0,1,0,0,0
BGC0001448.1,0,1,0,0,0,0,0
BGC0001449.1,1,1,0,1,0,0,0
BGC0001450.1,0,0,0,0,0,0,1
BGC0001450.2,0,0,0,0,0,0,1
BGC0001450.3,0,0,0,0,0,0,1
BGC0001450.4,0,0,0,0,0,0,1
BGC0001450.5,0,0,0,0,0,0,1
BGC0001450.6,0,0,0,0,0,0,1
BGC0001450.7,0,0,0,0,0,0,1
BGC0001450.8,0,0,0,0,0,0,1
BGC0001450.9,0,0,0,0,0,0,1
BGC0001450.10,0,0,0,0,0,0,1
BGC0001450.11,0,0,0,0,0,0,1
BGC0001451.1,0,1,0,0,0,0,0
BGC0001452.1,0,0,0,1,0,0,0
BGC0001453.1,0,0,1,0,0,0,0
BGC0001454.1,0,0,1,0,0,0,0
BGC0001455.1,0,1,0,1,0,0,0
BGC0001456.1,0,0,0,0,0,0,1
BGC0001457.1,0,1,0,0,0,0,0
BGC0001458.1,0,0,1,0,0,0,0
BGC0001459.1,0,1,0,0,0,0,0
BGC0001460.1,0,1,0,0,0,0,0
BGC0001461.1,0,1,0,0,0,0,0
BGC0001462.1,0,1,0,0,0,0,0
BGC0001463.1,0,0,1,0,0,0,0
BGC0001464.1,0,0,1,0,0,0,0
BGC0001465.1,0,0,1,0,0,0,0
BGC0001466.1,0,0,0,1,0,0,0
BGC0001466.2,0,0,0,1,0,0,0
BGC0001466.3,0,0,0,1,0,0,0
BGC0001466.4,0,0,0,1,0,0,0
BGC0001466.5,0,0,0,1,0,0,0
BGC0001466.6,0,0,0,1,0,0,0
BGC0001467.1,0,1,0,1,0,0,0
BGC0001468.1,0,0,1,0,0,0,0
BGC0001469.1,0,1,0,0,0,0,0
BGC0001470.1,0,0,0,1,0,0,0
BGC0001471.1,0,0,0,0,1,0,0
BGC0001472.1,0,0,0,0,1,0,0
BGC0001473.1,0,0,0,0,1,0,0
BGC0001474.1,0,0,0,0,1,0,0
BGC0001475.1,0,0,0,1,0,0,0
BGC0001476.1,0,0,1,0,0,0,0
BGC0001477.1,0,1,0,1,0,0,0
BGC0001478.1,0,0,1,0,0,0,0
BGC0001479.1,0,1,0,0,0,0,0
BGC0001480.1,0,0,1,0,0,0,0
BGC0001481.1,0,0,0,0,0,0,1
BGC0001483.1,0,0,1,0,0,0,0
BGC0001484.1,0,0,1,0,0,0,0
BGC0001485.1,0,0,1,0,0,0,0
BGC0001486.1,0,0,0,0,1,0,0
BGC0001487.1,0,0,1,0,0,0,0
BGC0001488.1,0,0,1,0,0,0,0
BGC0001489.1,0,0,0,1,0,0,0
BGC0001490.1,0,0,1,0,0,0,0
BGC0001490.2,0,0,1,0,0,0,0
BGC0001491.1,0,0,0,1,0,0,0
BGC0001492.1,0,0,0,1,0,0,0
BGC0001493.1,0,0,0,0,1,0,0
BGC0001494.1,0,0,0,0,1,0,0
BGC0001495.1,0,0,0,1,0,0,0
BGC0001496.1,0,0,0,0,1,0,0
BGC0001497.1,0,0,0,1,0,0,0
BGC0001498.1,0,0,1,0,0,0,0
BGC0001499.1,0,0,1,0,0,0,0
BGC0001500.1,0,0,0,1,0,0,0
BGC0001501.1,1,0,0,0,0,0,0
BGC0001502.1,0,1,0,0,0,0,0
BGC0001503.1,0,0,0,1,0,0,0
BGC0001504.1,0,0,0,1,0,0,0
BGC0001505.1,0,0,0,0,1,0,0
BGC0001506.1,0,0,0,0,1,0,0
BGC0001507.1,0,0,0,0,1,0,0
BGC0001508.1,0,0,0,1,0,0,0
BGC0001509.1,0,1,0,0,0,0,0
BGC0001510.1,0,0,1,0,0,0,0
BGC0001511.1,0,0,0,1,0,0,0
BGC0001512.1,0,0,0,1,0,0,0
BGC0001513.1,0,0,0,1,0,0,0
BGC0001514.1,0,0,1,0,0,0,0
BGC0001515.1,0,1,0,0,0,0,0
BGC0001516.1,0,1,0,0,0,0,0
BGC0001517.1,0,1,0,0,0,0,0
BGC0001518.1,0,0,0,0,0,0,1
BGC0001519.1,0,1,0,1,0,0,0
BGC0001520.1,0,0,0,1,0,0,0
BGC0001521.1,0,1,0,0,0,0,0
BGC0001522.1,0,0,0,1,0,0,0
BGC0001523.1,0,0,0,1,0,0,0
BGC0001524.1,0,1,0,1,0,0,0
BGC0001525.1,0,0,1,0,0,0,0
BGC0001526.1,0,0,1,0,0,0,0
BGC0001527.1,0,0,1,0,0,0,0
BGC0001528.1,0,0,0,0,0,0,1
BGC0001529.1,1,0,0,0,0,0,0
BGC0001530.1,0,0,1,0,0,0,0
BGC0001531.1,0,0,1,0,0,0,0
BGC0001532.1,0,1,0,0,0,0,0
BGC0001533.1,0,0,0,1,0,0,0
BGC0001534.1,0,0,1,0,0,0,0
BGC0001535.1,0,0,1,0,0,0,0
BGC0001536.1,0,1,0,0,0,0,0
BGC0001537.1,0,0,0,1,0,0,0
BGC0001538.1,0,1,0,1,0,0,0
BGC0001539.1,0,0,0,0,1,0,0
BGC0001540.1,0,0,1,0,0,0,0
BGC0001541.1,0,0,0,1,0,0,0
BGC0001542.1,0,0,0,1,0,0,0
BGC0001543.1,0,0,0,1,0,0,0
BGC0001544.1,0,1,0,1,0,0,0
BGC0001545.1,0,1,0,0,0,0,0
BGC0001546.1,1,0,0,0,0,0,0
BGC0001547.1,0,0,0,0,0,0,1
BGC0001548.1,0,0,0,0,1,0,0
BGC0001549.1,0,0,0,0,1,0,0
BGC0001550.1,0,0,0,0,1,0,0
BGC0001551.1,0,0,0,0,1,0,0
BGC0001552.1,0,0,0,0,1,0,0
BGC0001553.1,0,1,0,1,0,0,0
BGC0001554.1,0,0,1,0,0,0,0
BGC0001555.1,0,0,0,0,1,0,0
BGC0001556.1,0,1,0,1,0,0,0
BGC0001557.1,0,0,0,1,0,0,0
BGC0001558.1,0,0,0,1,0,0,0
BGC0001559.1,0,0,0,0,1,0,0
BGC0001560.1,0,1,0,1,0,0,0
BGC0001561.1,0,1,0,0,0,0,0
BGC0001562.1,0,1,0,0,0,0,0
BGC0001563.1,0,1,0,1,0,0,0
BGC0001564.1,0,1,0,1,0,0,0
BGC0001565.1,0,1,0,0,0,0,0
BGC0001566.1,0,0,0,1,0,0,0
BGC0001567.1,0,1,0,0,0,0,0
BGC0001568.1,0,0,0,1,0,0,0
BGC0001569.1,0,1,0,0,0,0,0
BGC0001570.1,0,1,0,0,0,0,0
BGC0001571.1,0,0,0,0,0,0,1
BGC0001572.1,0,0,1,0,0,0,0
BGC0001573.1,1,0,0,0,0,0,0
BGC0001574.1,0,1,0,0,0,0,0
BGC0001575.1,0,1,0,0,0,0,0
BGC0001576.1,0,0,0,0,1,0,0
BGC0001577.1,0,0,0,0,1,0,0
BGC0001578.1,0,0,0,1,0,0,0
BGC0001579.1,0,0,0,0,1,0,0
BGC0001580.1,0,0,0,1,0,0,0
BGC0001581.1,0,0,0,1,0,0,0
BGC0001581.2,0,0,0,1,0,0,0
BGC0001582.1,0,1,0,0,0,0,0
BGC0001583.1,0,0,0,1,0,0,0
BGC0001584.1,0,0,0,1,0,0,0
BGC0001585.1,1,0,0,0,0,0,0
BGC0001586.1,0,0,0,0,0,1,0
BGC0001587.1,0,0,1,0,0,0,0
BGC0001588.1,0,0,0,0,0,1,0
BGC0001589.1,0,0,0,0,0,1,0
BGC0001590.1,0,0,0,1,0,0,0
BGC0001591.1,0,0,1,0,0,0,0
BGC0001592.1,0,0,1,0,0,0,0
BGC0001593.1,0,1,0,0,0,0,0
BGC0001594.1,1,0,0,0,0,0,0
BGC0001595.1,1,0,0,0,0,0,0
BGC0001596.1,0,0,0,1,0,0,0
BGC0001597.1,0,0,0,1,0,0,0
BGC0001598.1,0,1,0,1,0,0,0
BGC0001599.1,0,1,0,0,0,0,0
BGC0001600.1,0,0,0,1,0,0,0
BGC0001601.1,0,0,0,0,1,0,0
BGC0001602.1,0,0,0,0,1,0,0
BGC0001603.1,0,0,0,0,0,1,0
BGC0001604.1,0,0,0,0,0,0,1
BGC0001605.1,0,0,0,0,0,0,1
BGC0001606.1,0,0,0,1,0,0,0
BGC0001607.1,0,0,1,0,0,0,0
BGC0001608.1,0,1,0,0,0,0,0
BGC0001609.1,0,1,0,0,0,0,0
BGC0001610.1,0,0,1,0,0,0,0
BGC0001611.1,0,1,0,1,0,0,0
BGC0001612.1,1,0,0,0,0,0,0
BGC0001613.1,0,0,0,0,0,0,1
BGC0001613.2,0,0,0,0,0,0,1
BGC0001613.3,0,0,0,0,0,0,1
BGC0001613.4,0,0,0,0,0,0,1
BGC0001613.5,0,0,0,0,0,0,1
BGC0001613.6,0,0,0,0,0,0,1
BGC0001613.7,0,0,0,0,0,0,1
BGC0001613.8,0,0,0,0,0,0,1
BGC0001613.9,0,0,0,0,0,0,1
BGC0001613.10,0,0,0,0,0,0,1
BGC0001614.1,0,1,0,0,0,0,0
BGC0001615.1,0,1,0,0,0,0,0
BGC0001616.1,0,1,0,1,0,0,0
BGC0001617.1,0,0,0,0,0,0,1
BGC0001618.1,0,0,0,0,1,0,0
BGC0001619.1,0,0,0,1,0,0,0
BGC0001620.1,0,0,0,1,0,0,0
BGC0001621.1,0,1,0,0,0,0,0
BGC0001622.1,0,0,0,1,0,0,0
BGC0001623.1,0,1,0,1,0,0,0
BGC0001624.1,0,0,1,0,0,0,0
BGC0001625.1,0,0,0,1,0,0,0
BGC0001626.1,0,0,0,1,0,0,0
BGC0001627.1,0,1,0,0,0,0,0
BGC0001628.1,0,1,0,0,0,0,0
BGC0001629.1,0,1,0,0,0,0,0
BGC0001629.2,0,1,0,0,0,0,0
BGC0001629.3,0,1,0,0,0,0,0
BGC0001630.1,0,1,0,1,0,0,0
BGC0001631.1,0,1,0,1,0,0,0
BGC0001632.1,0,0,0,0,1,0,0
BGC0001633.1,0,0,1,0,0,0,0
BGC0001634.1,0,0,0,0,1,0,0
BGC0001635.1,0,1,0,1,0,0,0
BGC0001636.1,0,1,0,0,0,0,0
BGC0001637.1,0,1,0,0,0,0,0
BGC0001638.1,0,0,0,0,1,0,0
BGC0001639.1,0,0,0,0,1,0,0
BGC0001640.1,0,0,0,0,1,0,0
BGC0001641.1,0,1,0,0,0,0,0
BGC0001642.1,0,0,0,0,0,0,1
BGC0001643.1,0,0,0,1,0,0,0
BGC0001643.2,0,0,0,1,0,0,0
BGC0001644.1,0,0,0,1,0,0,0
BGC0001645.1,0,0,0,0,1,0,0
BGC0001646.1,0,0,0,1,0,0,0
BGC0001647.1,0,0,0,1,0,0,0
BGC0001648.1,0,0,0,1,0,0,0
BGC0001649.1,0,0,0,1,0,0,0
BGC0001650.1,0,1,0,0,0,0,0
BGC0001651.1,0,0,1,0,0,0,0
BGC0001652.1,0,1,0,0,0,0,0
BGC0001653.1,0,0,0,1,0,0,0
BGC0001654.1,0,0,0,0,0,1,0
BGC0001655.1,0,0,0,0,1,0,0
BGC0001656.1,0,0,0,1,0,0,0
BGC0001657.1,0,1,0,0,0,0,0
BGC0001658.1,0,0,0,1,0,0,0
BGC0001659.1,0,0,0,0,0,0,1
BGC0001660.1,0,0,0,0,1,0,0
BGC0001661.1,0,0,0,1,0,0,0
BGC0001662.1,0,0,0,1,0,0,0
BGC0001663.1,0,0,0,1,0,0,0
BGC0001664.1,0,0,0,0,0,0,1
BGC0001665.1,0,0,0,1,0,0,0
BGC0001666.1,0,0,0,1,0,0,0
BGC0001667.1,0,1,0,1,0,0,0
BGC0001668.1,0,1,0,0,0,0,0
BGC0001669.1,0,0,0,0,1,0,0
BGC0001670.1,0,0,0,1,0,0,0
BGC0001671.1,0,1,0,0,0,0,0
BGC0001672.1,0,1,0,0,0,0,0
BGC0001673.1,0,0,0,0,1,0,0
BGC0001674.1,0,0,0,0,1,0,0
BGC0001675.1,0,0,0,1,0,0,0
BGC0001676.1,1,0,0,0,0,0,0
BGC0001676.2,1,0,0,0,0,0,0
BGC0001676.3,1,0,0,0,0,0,0
BGC0001677.1,0,0,0,1,0,0,0
BGC0001678.1,0,0,1,0,0,0,0
BGC0001679.1,0,1,0,0,0,0,0
BGC0001680.1,0,0,1,0,0,0,0
BGC0001681.1,0,0,1,0,0,0,0
BGC0001682.1,0,0,1,0,0,0,0
BGC0001683.1,0,0,1,0,0,0,0
BGC0001684.1,0,0,1,0,0,0,0
BGC0001685.1,0,0,1,0,0,0,0
BGC0001686.1,0,1,0,0,0,0,0
BGC0001687.1,0,0,1,0,0,0,0
BGC0001688.1,0,0,1,0,0,0,0
BGC0001689.1,0,0,0,1,0,0,0
BGC0001690.1,0,0,0,1,0,0,0
BGC0001691.1,0,0,1,0,0,0,0
BGC0001691.2,0,0,1,0,0,0,0
BGC0001691.3,0,0,1,0,0,0,0
BGC0001692.1,0,1,0,0,0,0,0
BGC0001693.1,0,0,0,1,0,0,0
BGC0001694.1,0,0,0,1,0,0,0
BGC0001695.1,0,1,0,0,0,0,0
BGC0001696.1,0,0,0,0,1,0,0
BGC0001697.1,0,0,0,1,0,0,0
BGC0001698.1,0,1,0,0,0,0,0
BGC0001699.1,0,0,0,1,0,0,0
BGC0001700.1,0,0,0,1,0,0,0
BGC0001701.1,0,0,0,0,1,0,0
BGC0001702.1,0,1,0,1,0,0,0
BGC0001703.1,0,0,1,0,0,0,0
BGC0001704.1,0,0,1,0,0,0,0
BGC0001705.1,0,1,0,1,0,0,0
BGC0001706.1,0,0,0,0,0,0,1
BGC0001707.1,0,0,0,0,1,0,0
BGC0001708.1,0,0,0,1,0,0,1
BGC0001709.1,0,0,0,1,0,0,0
BGC0001710.1,0,1,0,0,0,0,0
BGC0001711.1,0,1,0,1,0,0,0
BGC0001712.1,0,0,1,0,0,0,0
BGC0001713.1,0,0,1,0,0,0,0
BGC0001714.1,0,1,0,1,0,0,0
BGC0001714.2,0,1,0,1,0,0,0
BGC0001715.1,0,1,0,0,0,0,0
BGC0001716.1,0,1,0,0,0,0,0
BGC0001717.1,1,0,0,0,0,0,0
BGC0001718.1,0,1,0,0,0,0,0
BGC0001719.1,0,0,0,1,0,0,0
BGC0001720.1,0,0,0,1,0,0,0
BGC0001721.1,0,1,0,0,0,0,0
BGC0001722.1,0,0,0,1,0,0,0
BGC0001723.1,0,0,0,1,0,0,0
BGC0001724.1,0,1,0,1,0,0,0
BGC0001725.1,0,0,1,0,0,0,0
BGC0001726.1,0,1,0,1,0,0,0
BGC0001727.1,0,0,0,0,1,0,0
BGC0001728.1,0,1,0,1,0,0,0
BGC0001729.1,0,0,0,1,0,0,1
BGC0001730.1,0,0,0,1,0,0,0
BGC0001731.1,0,0,1,0,0,0,0
BGC0001732.1,0,0,1,0,0,0,0
BGC0001733.1,0,0,0,0,1,0,0
BGC0001734.1,0,0,0,0,1,0,0
BGC0001735.1,0,0,1,0,0,0,0
BGC0001736.1,0,1,0,0,0,0,0
BGC0001737.1,0,1,0,1,0,0,0
BGC0001738.1,0,1,0,1,0,0,0
BGC0001739.1,0,0,1,0,0,0,0
BGC0001740.1,0,1,0,1,0,0,0
BGC0001741.1,0,1,0,1,0,0,0
BGC0001742.1,0,0,0,1,0,0,0
BGC0001743.1,0,0,0,0,1,0,0
BGC0001745.1,0,0,0,0,1,0,0
BGC0001746.1,0,0,0,0,0,0,1
BGC0001747.1,0,0,1,0,0,0,0
BGC0001748.1,0,1,0,1,0,0,0
BGC0001749.1,0,0,0,1,0,0,0
BGC0001750.1,0,1,0,1,0,0,0
BGC0001751.1,0,1,0,1,0,0,0
BGC0001752.1,0,1,0,0,0,0,0
BGC0001753.1,0,0,0,0,1,0,0
BGC0001754.1,0,1,0,1,0,0,0
BGC0001755.1,0,0,0,1,0,0,0
BGC0001756.1,0,0,0,0,0,0,1
BGC0001757.1,0,0,1,0,0,0,0
BGC0001758.1,0,1,0,0,0,0,0
BGC0001759.1,0,0,0,1,0,0,0
BGC0001760.1,0,1,0,0,0,0,0
BGC0001761.1,0,0,0,1,0,0,0
BGC0001762.1,1,0,0,0,0,0,0
BGC0001763.1,0,1,0,1,0,0,0
BGC0001764.1,0,1,0,0,0,0,0
BGC0001765.1,0,0,0,0,0,1,0
BGC0001766.1,0,1,0,0,0,0,0
BGC0001767.1,0,1,0,0,0,0,0
BGC0001768.1,0,1,0,0,0,0,0
BGC0001769.1,0,0,0,1,0,0,0
BGC0001770.1,0,0,0,1,0,0,0
BGC0001771.1,0,1,0,0,0,0,0
BGC0001772.1,0,0,0,1,0,0,0
BGC0001773.1,0,0,0,1,0,0,0
BGC0001774.1,0,0,1,0,0,0,0
BGC0001775.1,0,0,0,0,0,0,1
BGC0001776.1,0,0,0,0,0,0,1
BGC0001777.1,0,0,0,0,0,0,1
BGC0001778.1,0,0,1,0,0,0,0
BGC0001779.1,0,0,0,0,1,0,0
BGC0001780.1,0,1,0,0,0,0,0
BGC0001781.1,0,0,0,0,1,0,0
BGC0001782.1,0,0,1,0,0,0,0
BGC0001783.1,0,0,1,0,0,0,0
BGC0001784.1,0,0,0,1,0,0,0
BGC0001785.1,0,0,0,1,0,0,0
BGC0001786.1,0,0,0,0,1,0,0
BGC0001787.1,0,0,0,0,1,0,0
BGC0001788.1,0,0,0,0,1,0,0
BGC0001789.1,0,0,0,0,1,0,0
BGC0001790.1,0,1,0,0,0,0,0
BGC0001791.1,0,1,0,0,0,0,0
BGC0001792.1,0,1,0,0,0,0,0
BGC0001793.1,0,0,0,1,0,0,0
BGC0001794.1,0,0,0,1,0,0,0
BGC0001795.1,0,0,0,1,0,0,0
BGC0001796.1,0,1,0,0,0,0,0
BGC0001797.1,0,0,0,0,1,0,0
BGC0001798.1,0,0,0,1,0,0,0
BGC0001799.1,1,0,0,0,0,0,0
BGC0001800.1,0,1,0,1,0,0,0
BGC0001801.1,0,1,0,0,0,0,0
BGC0001802.1,0,0,0,0,1,0,0
BGC0001803.1,0,0,0,0,1,0,0
BGC0001804.1,0,0,0,1,0,0,0
BGC0001805.1,0,1,0,0,0,0,0
BGC0001806.1,0,1,0,0,0,0,0
BGC0001807.1,0,1,0,1,0,0,0
BGC0001808.1,0,0,1,0,0,0,0
BGC0001809.1,0,0,1,0,0,0,0
BGC0001810.1,0,0,0,1,0,0,0
BGC0001811.1,0,0,0,0,0,0,1
BGC0001812.1,0,0,0,1,0,0,0
BGC0001813.1,0,1,0,0,0,0,0
BGC0001814.1,0,1,0,0,0,0,0
BGC0001815.1,0,0,0,1,0,0,0
BGC0001816.1,0,1,0,1,0,0,0
BGC0001817.1,0,0,1,0,0,0,0
BGC0001818.1,0,1,0,0,0,0,0
BGC0001819.1,0,0,0,1,0,0,0
BGC0001820.1,0,1,0,0,0,0,0
BGC0001821.1,0,1,0,0,0,0,0
BGC0001822.1,0,1,0,0,0,0,0
BGC0001823.1,0,1,0,1,0,0,0
BGC0001824.1,0,1,0,0,0,0,0
BGC0001825.1,0,1,0,0,0,0,0
BGC0001826.1,0,1,0,0,0,0,0
BGC0001827.1,0,0,0,1,0,0,0
BGC0001828.1,0,0,0,1,0,0,0
BGC0001829.1,0,1,0,1,0,0,0
BGC0001830.1,0,0,0,1,0,0,0
